timestamp,header.stamp.sec,header.stamp.nanosec,header.frame_id,child_frame_id,pose.pose.position.x,pose.pose.position.y,pose.pose.position.z,pose.pose.orientation.x,pose.pose.orientation.y,pose.pose.orientation.z,pose.pose.orientation.w,pose.covariance,twist.twist.linear.x,twist.twist.linear.y,twist.twist.linear.z,twist.twist.angular.x,twist.twist.angular.y,twist.twist.angular.z,twist.covariance
1742662962081060220,1742662962,80728235,odom,base_link,0.0,0.0,0.0,0.0,0.0,0.0,1.0,[0. 0. 0. 0. 0. 0. 0. 0. 0. 0. 0. 0. 0. 0. 0. 0. 0. 0. 0. 0. 0. 0. 0. 0.  0. 0. 0. 0. 0. 0. 0. 0. 0. 0. 0. 0.],0.0,0.0,0.0,0.0,0.0,0.0,[0. 0. 0. 0. 0. 0. 0. 0. 0. 0. 0. 0. 0. 0. 0. 0. 0. 0. 0. 0. 0. 0. 0. 0.  0. 0. 0. 0. 0. 0. 0. 0. 0. 0. 0. 0.]
1742662962130791451,1742662962,130496134,odom,base_link,0.0,0.0,0.0,0.0,0.0,0.0,1.0,[0. 0. 0. 0. 0. 0. 0. 0. 0. 0. 0. 0. 0. 0. 0. 0. 0. 0. 0. 0. 0. 0. 0. 0.  0. 0. 0. 0. 0. 0. 0. 0. 0. 0. 0. 0.],0.0,0.0,0.0,0.0,0.0,0.0,[0. 0. 0. 0. 0. 0. 0. 0. 0. 0. 0. 0. 0. 0. 0. 0. 0. 0. 0. 0. 0. 0. 0. 0.  0. 0. 0. 0. 0. 0. 0. 0. 0. 0. 0. 0.]
1742662962181039873,1742662962,180739537,odom,base_link,0.0,0.0,0.0,0.0,0.0,0.0,1.0,[0. 0. 0. 0. 0. 0. 0. 0. 0. 0. 0. 0. 0. 0. 0. 0. 0. 0. 0. 0. 0. 0. 0. 0.  0. 0. 0. 0. 0. 0. 0. 0. 0. 0. 0. 0.],0.0,0.0,0.0,0.0,0.0,0.0,[0. 0. 0. 0. 0. 0. 0. 0. 0. 0. 0. 0. 0. 0. 0. 0. 0. 0. 0. 0. 0. 0. 0. 0.  0. 0. 0. 0. 0. 0. 0. 0. 0. 0. 0. 0.]
1742662962230822253,1742662962,230460490,odom,base_link,0.0,0.0,0.0,0.0,0.0,0.0,1.0,[0. 0. 0. 0. 0. 0. 0. 0. 0. 0. 0. 0. 0. 0. 0. 0. 0. 0. 0. 0. 0. 0. 0. 0.  0. 0. 0. 0. 0. 0. 0. 0. 0. 0. 0. 0.],0.0,0.0,0.0,0.0,0.0,0.0,[0. 0. 0. 0. 0. 0. 0. 0. 0. 0. 0. 0. 0. 0. 0. 0. 0. 0. 0. 0. 0. 0. 0. 0.  0. 0. 0. 0. 0. 0. 0. 0. 0. 0. 0. 0.]
1742662962281133212,1742662962,280639911,odom,base_link,0.0,0.0,0.0,0.0,0.0,0.0,1.0,[0. 0. 0. 0. 0. 0. 0. 0. 0. 0. 0. 0. 0. 0. 0. 0. 0. 0. 0. 0. 0. 0. 0. 0.  0. 0. 0. 0. 0. 0. 0. 0. 0. 0. 0. 0.],0.0,0.0,0.0,0.0,0.0,0.0,[0. 0. 0. 0. 0. 0. 0. 0. 0. 0. 0. 0. 0. 0. 0. 0. 0. 0. 0. 0. 0. 0. 0. 0.  0. 0. 0. 0. 0. 0. 0. 0. 0. 0. 0. 0.]
1742662962331009130,1742662962,330621830,odom,base_link,0.0,0.0,0.0,0.0,0.0,0.0,1.0,[0. 0. 0. 0. 0. 0. 0. 0. 0. 0. 0. 0. 0. 0. 0. 0. 0. 0. 0. 0. 0. 0. 0. 0.  0. 0. 0. 0. 0. 0. 0. 0. 0. 0. 0. 0.],0.0,0.0,0.0,0.0,0.0,0.0,[0. 0. 0. 0. 0. 0. 0. 0. 0. 0. 0. 0. 0. 0. 0. 0. 0. 0. 0. 0. 0. 0. 0. 0.  0. 0. 0. 0. 0. 0. 0. 0. 0. 0. 0. 0.]
1742662962370816263,1742662962,370525538,odom,base_link,0.0,0.0,0.0,0.0,0.0,0.0,1.0,[0. 0. 0. 0. 0. 0. 0. 0. 0. 0. 0. 0. 0. 0. 0. 0. 0. 0. 0. 0. 0. 0. 0. 0.  0. 0. 0. 0. 0. 0. 0. 0. 0. 0. 0. 0.],0.0,0.0,0.0,0.0,0.0,0.0,[0. 0. 0. 0. 0. 0. 0. 0. 0. 0. 0. 0. 0. 0. 0. 0. 0. 0. 0. 0. 0. 0. 0. 0.  0. 0. 0. 0. 0. 0. 0. 0. 0. 0. 0. 0.]
1742662962420898479,1742662962,420603902,odom,base_link,0.0,0.0,0.0,0.0,0.0,0.0,1.0,[0. 0. 0. 0. 0. 0. 0. 0. 0. 0. 0. 0. 0. 0. 0. 0. 0. 0. 0. 0. 0. 0. 0. 0.  0. 0. 0. 0. 0. 0. 0. 0. 0. 0. 0. 0.],0.0,0.0,0.0,0.0,0.0,0.0,[0. 0. 0. 0. 0. 0. 0. 0. 0. 0. 0. 0. 0. 0. 0. 0. 0. 0. 0. 0. 0. 0. 0. 0.  0. 0. 0. 0. 0. 0. 0. 0. 0. 0. 0. 0.]
1742662962470801990,1742662962,470497413,odom,base_link,0.0,0.0,0.0,0.0,0.0,0.0,1.0,[0. 0. 0. 0. 0. 0. 0. 0. 0. 0. 0. 0. 0. 0. 0. 0. 0. 0. 0. 0. 0. 0. 0. 0.  0. 0. 0. 0. 0. 0. 0. 0. 0. 0. 0. 0.],0.0,0.0,0.0,0.0,0.0,0.0,[0. 0. 0. 0. 0. 0. 0. 0. 0. 0. 0. 0. 0. 0. 0. 0. 0. 0. 0. 0. 0. 0. 0. 0.  0. 0. 0. 0. 0. 0. 0. 0. 0. 0. 0. 0.]
1742662962520942522,1742662962,520489295,odom,base_link,0.0,0.0,0.0,0.0,0.0,0.0,1.0,[0. 0. 0. 0. 0. 0. 0. 0. 0. 0. 0. 0. 0. 0. 0. 0. 0. 0. 0. 0. 0. 0. 0. 0.  0. 0. 0. 0. 0. 0. 0. 0. 0. 0. 0. 0.],0.0,0.0,0.0,0.0,0.0,0.0,[0. 0. 0. 0. 0. 0. 0. 0. 0. 0. 0. 0. 0. 0. 0. 0. 0. 0. 0. 0. 0. 0. 0. 0.  0. 0. 0. 0. 0. 0. 0. 0. 0. 0. 0. 0.]
1742662962571239851,1742662962,570933774,odom,base_link,0.0,0.0,0.0,0.0,0.0,0.0,1.0,[0. 0. 0. 0. 0. 0. 0. 0. 0. 0. 0. 0. 0. 0. 0. 0. 0. 0. 0. 0. 0. 0. 0. 0.  0. 0. 0. 0. 0. 0. 0. 0. 0. 0. 0. 0.],0.0,0.0,0.0,0.0,0.0,0.0,[0. 0. 0. 0. 0. 0. 0. 0. 0. 0. 0. 0. 0. 0. 0. 0. 0. 0. 0. 0. 0. 0. 0. 0.  0. 0. 0. 0. 0. 0. 0. 0. 0. 0. 0. 0.]
1742662962620813155,1742662962,620472244,odom,base_link,0.0,0.0,0.0,0.0,0.0,0.0,1.0,[0. 0. 0. 0. 0. 0. 0. 0. 0. 0. 0. 0. 0. 0. 0. 0. 0. 0. 0. 0. 0. 0. 0. 0.  0. 0. 0. 0. 0. 0. 0. 0. 0. 0. 0. 0.],0.0,0.0,0.0,0.0,0.0,0.0,[0. 0. 0. 0. 0. 0. 0. 0. 0. 0. 0. 0. 0. 0. 0. 0. 0. 0. 0. 0. 0. 0. 0. 0.  0. 0. 0. 0. 0. 0. 0. 0. 0. 0. 0. 0.]
1742662962671107447,1742662962,670762777,odom,base_link,0.0,0.0,0.0,0.0,0.0,0.0,1.0,[0. 0. 0. 0. 0. 0. 0. 0. 0. 0. 0. 0. 0. 0. 0. 0. 0. 0. 0. 0. 0. 0. 0. 0.  0. 0. 0. 0. 0. 0. 0. 0. 0. 0. 0. 0.],0.0,0.0,0.0,0.0,0.0,0.0,[0. 0. 0. 0. 0. 0. 0. 0. 0. 0. 0. 0. 0. 0. 0. 0. 0. 0. 0. 0. 0. 0. 0. 0.  0. 0. 0. 0. 0. 0. 0. 0. 0. 0. 0. 0.]
1742662962720817623,1742662962,720503675,odom,base_link,0.0,0.0,0.0,0.0,0.0,0.0,1.0,[0. 0. 0. 0. 0. 0. 0. 0. 0. 0. 0. 0. 0. 0. 0. 0. 0. 0. 0. 0. 0. 0. 0. 0.  0. 0. 0. 0. 0. 0. 0. 0. 0. 0. 0. 0.],0.0,0.0,0.0,0.0,0.0,0.0,[0. 0. 0. 0. 0. 0. 0. 0. 0. 0. 0. 0. 0. 0. 0. 0. 0. 0. 0. 0. 0. 0. 0. 0.  0. 0. 0. 0. 0. 0. 0. 0. 0. 0. 0. 0.]
1742662962770803431,1742662962,770499835,odom,base_link,0.0,0.0,0.0,0.0,0.0,0.0,1.0,[0. 0. 0. 0. 0. 0. 0. 0. 0. 0. 0. 0. 0. 0. 0. 0. 0. 0. 0. 0. 0. 0. 0. 0.  0. 0. 0. 0. 0. 0. 0. 0. 0. 0. 0. 0.],0.0,0.0,0.0,0.0,0.0,0.0,[0. 0. 0. 0. 0. 0. 0. 0. 0. 0. 0. 0. 0. 0. 0. 0. 0. 0. 0. 0. 0. 0. 0. 0.  0. 0. 0. 0. 0. 0. 0. 0. 0. 0. 0. 0.]
1742662962820937814,1742662962,820557718,odom,base_link,0.0,0.0,0.0,0.0,0.0,0.0,1.0,[0. 0. 0. 0. 0. 0. 0. 0. 0. 0. 0. 0. 0. 0. 0. 0. 0. 0. 0. 0. 0. 0. 0. 0.  0. 0. 0. 0. 0. 0. 0. 0. 0. 0. 0. 0.],0.0,0.0,0.0,0.0,0.0,0.0,[0. 0. 0. 0. 0. 0. 0. 0. 0. 0. 0. 0. 0. 0. 0. 0. 0. 0. 0. 0. 0. 0. 0. 0.  0. 0. 0. 0. 0. 0. 0. 0. 0. 0. 0. 0.]
1742662962870897473,1742662962,870608359,odom,base_link,0.0,0.0,0.0,0.0,0.0,0.0,1.0,[0. 0. 0. 0. 0. 0. 0. 0. 0. 0. 0. 0. 0. 0. 0. 0. 0. 0. 0. 0. 0. 0. 0. 0.  0. 0. 0. 0. 0. 0. 0. 0. 0. 0. 0. 0.],0.0,0.0,0.0,0.0,0.0,0.0,[0. 0. 0. 0. 0. 0. 0. 0. 0. 0. 0. 0. 0. 0. 0. 0. 0. 0. 0. 0. 0. 0. 0. 0.  0. 0. 0. 0. 0. 0. 0. 0. 0. 0. 0. 0.]
1742662962920807929,1742662962,920437777,odom,base_link,0.0,0.0,0.0,0.0,0.0,0.0,1.0,[0. 0. 0. 0. 0. 0. 0. 0. 0. 0. 0. 0. 0. 0. 0. 0. 0. 0. 0. 0. 0. 0. 0. 0.  0. 0. 0. 0. 0. 0. 0. 0. 0. 0. 0. 0.],0.0,0.0,0.0,0.0,0.0,0.0,[0. 0. 0. 0. 0. 0. 0. 0. 0. 0. 0. 0. 0. 0. 0. 0. 0. 0. 0. 0. 0. 0. 0. 0.  0. 0. 0. 0. 0. 0. 0. 0. 0. 0. 0. 0.]
1742662962970815126,1742662962,970464881,odom,base_link,0.0,0.0,0.0,0.0,0.0,0.0,1.0,[0. 0. 0. 0. 0. 0. 0. 0. 0. 0. 0. 0. 0. 0. 0. 0. 0. 0. 0. 0. 0. 0. 0. 0.  0. 0. 0. 0. 0. 0. 0. 0. 0. 0. 0. 0.],0.0,0.0,0.0,0.0,0.0,0.0,[0. 0. 0. 0. 0. 0. 0. 0. 0. 0. 0. 0. 0. 0. 0. 0. 0. 0. 0. 0. 0. 0. 0. 0.  0. 0. 0. 0. 0. 0. 0. 0. 0. 0. 0. 0.]
1742662963020766229,1742662963,20443670,odom,base_link,0.0,0.0,0.0,0.0,0.0,0.0,1.0,[0. 0. 0. 0. 0. 0. 0. 0. 0. 0. 0. 0. 0. 0. 0. 0. 0. 0. 0. 0. 0. 0. 0. 0.  0. 0. 0. 0. 0. 0. 0. 0. 0. 0. 0. 0.],0.0,0.0,0.0,0.0,0.0,0.0,[0. 0. 0. 0. 0. 0. 0. 0. 0. 0. 0. 0. 0. 0. 0. 0. 0. 0. 0. 0. 0. 0. 0. 0.  0. 0. 0. 0. 0. 0. 0. 0. 0. 0. 0. 0.]
1742662963071070169,1742662963,70703629,odom,base_link,0.0,0.0,0.0,0.0,0.0,0.0,1.0,[0. 0. 0. 0. 0. 0. 0. 0. 0. 0. 0. 0. 0. 0. 0. 0. 0. 0. 0. 0. 0. 0. 0. 0.  0. 0. 0. 0. 0. 0. 0. 0. 0. 0. 0. 0.],0.0,0.0,0.0,0.0,0.0,0.0,[0. 0. 0. 0. 0. 0. 0. 0. 0. 0. 0. 0. 0. 0. 0. 0. 0. 0. 0. 0. 0. 0. 0. 0.  0. 0. 0. 0. 0. 0. 0. 0. 0. 0. 0. 0.]
1742662963120816419,1742662963,120527860,odom,base_link,0.0,0.0,0.0,0.0,0.0,0.0,1.0,[0. 0. 0. 0. 0. 0. 0. 0. 0. 0. 0. 0. 0. 0. 0. 0. 0. 0. 0. 0. 0. 0. 0. 0.  0. 0. 0. 0. 0. 0. 0. 0. 0. 0. 0. 0.],0.0,0.0,0.0,0.0,0.0,0.0,[0. 0. 0. 0. 0. 0. 0. 0. 0. 0. 0. 0. 0. 0. 0. 0. 0. 0. 0. 0. 0. 0. 0. 0.  0. 0. 0. 0. 0. 0. 0. 0. 0. 0. 0. 0.]
1742662963170752818,1742662963,170420704,odom,base_link,0.0,0.0,0.0,0.0,0.0,0.0,1.0,[0. 0. 0. 0. 0. 0. 0. 0. 0. 0. 0. 0. 0. 0. 0. 0. 0. 0. 0. 0. 0. 0. 0. 0.  0. 0. 0. 0. 0. 0. 0. 0. 0. 0. 0. 0.],0.0,0.0,0.0,0.0,0.0,0.0,[0. 0. 0. 0. 0. 0. 0. 0. 0. 0. 0. 0. 0. 0. 0. 0. 0. 0. 0. 0. 0. 0. 0. 0.  0. 0. 0. 0. 0. 0. 0. 0. 0. 0. 0. 0.]
1742662963220778144,1742662963,220486993,odom,base_link,0.0,0.0,0.0,0.0,0.0,0.0,1.0,[0. 0. 0. 0. 0. 0. 0. 0. 0. 0. 0. 0. 0. 0. 0. 0. 0. 0. 0. 0. 0. 0. 0. 0.  0. 0. 0. 0. 0. 0. 0. 0. 0. 0. 0. 0.],0.0,0.0,0.0,0.0,0.0,0.0,[0. 0. 0. 0. 0. 0. 0. 0. 0. 0. 0. 0. 0. 0. 0. 0. 0. 0. 0. 0. 0. 0. 0. 0.  0. 0. 0. 0. 0. 0. 0. 0. 0. 0. 0. 0.]
1742662963270759859,1742662963,270465782,odom,base_link,0.0,0.0,0.0,0.0,0.0,0.0,1.0,[0. 0. 0. 0. 0. 0. 0. 0. 0. 0. 0. 0. 0. 0. 0. 0. 0. 0. 0. 0. 0. 0. 0. 0.  0. 0. 0. 0. 0. 0. 0. 0. 0. 0. 0. 0.],0.0,0.0,0.0,0.0,0.0,0.0,[0. 0. 0. 0. 0. 0. 0. 0. 0. 0. 0. 0. 0. 0. 0. 0. 0. 0. 0. 0. 0. 0. 0. 0.  0. 0. 0. 0. 0. 0. 0. 0. 0. 0. 0. 0.]
1742662963320794482,1742662963,320482349,odom,base_link,0.0,0.0,0.0,0.0,0.0,0.0,1.0,[0. 0. 0. 0. 0. 0. 0. 0. 0. 0. 0. 0. 0. 0. 0. 0. 0. 0. 0. 0. 0. 0. 0. 0.  0. 0. 0. 0. 0. 0. 0. 0. 0. 0. 0. 0.],0.0,0.0,0.0,0.0,0.0,0.0,[0. 0. 0. 0. 0. 0. 0. 0. 0. 0. 0. 0. 0. 0. 0. 0. 0. 0. 0. 0. 0. 0. 0. 0.  0. 0. 0. 0. 0. 0. 0. 0. 0. 0. 0. 0.]
1742662963360812209,1742662963,360512466,odom,base_link,0.0,0.0,0.0,0.0,0.0,0.0,1.0,[0. 0. 0. 0. 0. 0. 0. 0. 0. 0. 0. 0. 0. 0. 0. 0. 0. 0. 0. 0. 0. 0. 0. 0.  0. 0. 0. 0. 0. 0. 0. 0. 0. 0. 0. 0.],0.0,0.0,0.0,0.0,0.0,0.0,[0. 0. 0. 0. 0. 0. 0. 0. 0. 0. 0. 0. 0. 0. 0. 0. 0. 0. 0. 0. 0. 0. 0. 0.  0. 0. 0. 0. 0. 0. 0. 0. 0. 0. 0. 0.]
1742662963410771276,1742662963,410441569,odom,base_link,0.0,0.0,0.0,0.0,0.0,0.0,1.0,[0. 0. 0. 0. 0. 0. 0. 0. 0. 0. 0. 0. 0. 0. 0. 0. 0. 0. 0. 0. 0. 0. 0. 0.  0. 0. 0. 0. 0. 0. 0. 0. 0. 0. 0. 0.],0.0,0.0,0.0,0.0,0.0,0.0,[0. 0. 0. 0. 0. 0. 0. 0. 0. 0. 0. 0. 0. 0. 0. 0. 0. 0. 0. 0. 0. 0. 0. 0.  0. 0. 0. 0. 0. 0. 0. 0. 0. 0. 0. 0.]
1742662963461976521,1742662963,460791324,odom,base_link,0.0,0.0,0.0,0.0,0.0,0.0,1.0,[0. 0. 0. 0. 0. 0. 0. 0. 0. 0. 0. 0. 0. 0. 0. 0. 0. 0. 0. 0. 0. 0. 0. 0.  0. 0. 0. 0. 0. 0. 0. 0. 0. 0. 0. 0.],0.0,0.0,0.0,0.0,0.0,0.0,[0. 0. 0. 0. 0. 0. 0. 0. 0. 0. 0. 0. 0. 0. 0. 0. 0. 0. 0. 0. 0. 0. 0. 0.  0. 0. 0. 0. 0. 0. 0. 0. 0. 0. 0. 0.]
1742662963510716057,1742662963,510415609,odom,base_link,0.0,0.0,0.0,0.0,0.0,0.0,1.0,[0. 0. 0. 0. 0. 0. 0. 0. 0. 0. 0. 0. 0. 0. 0. 0. 0. 0. 0. 0. 0. 0. 0. 0.  0. 0. 0. 0. 0. 0. 0. 0. 0. 0. 0. 0.],0.0,0.0,0.0,0.0,0.0,0.0,[0. 0. 0. 0. 0. 0. 0. 0. 0. 0. 0. 0. 0. 0. 0. 0. 0. 0. 0. 0. 0. 0. 0. 0.  0. 0. 0. 0. 0. 0. 0. 0. 0. 0. 0. 0.]
1742662963560840810,1742662963,560475010,odom,base_link,0.0,0.0,0.0,0.0,0.0,0.0,1.0,[0. 0. 0. 0. 0. 0. 0. 0. 0. 0. 0. 0. 0. 0. 0. 0. 0. 0. 0. 0. 0. 0. 0. 0.  0. 0. 0. 0. 0. 0. 0. 0. 0. 0. 0. 0.],0.0,0.0,0.0,0.0,0.0,0.0,[0. 0. 0. 0. 0. 0. 0. 0. 0. 0. 0. 0. 0. 0. 0. 0. 0. 0. 0. 0. 0. 0. 0. 0.  0. 0. 0. 0. 0. 0. 0. 0. 0. 0. 0. 0.]
1742662963610779691,1742662963,610474003,odom,base_link,0.0,0.0,0.0,0.0,0.0,0.0,1.0,[0. 0. 0. 0. 0. 0. 0. 0. 0. 0. 0. 0. 0. 0. 0. 0. 0. 0. 0. 0. 0. 0. 0. 0.  0. 0. 0. 0. 0. 0. 0. 0. 0. 0. 0. 0.],0.0,0.0,0.0,0.0,0.0,0.0,[0. 0. 0. 0. 0. 0. 0. 0. 0. 0. 0. 0. 0. 0. 0. 0. 0. 0. 0. 0. 0. 0. 0. 0.  0. 0. 0. 0. 0. 0. 0. 0. 0. 0. 0. 0.]
1742662963660760794,1742662963,660438717,odom,base_link,0.0,0.0,0.0,0.0,0.0,0.0,1.0,[0. 0. 0. 0. 0. 0. 0. 0. 0. 0. 0. 0. 0. 0. 0. 0. 0. 0. 0. 0. 0. 0. 0. 0.  0. 0. 0. 0. 0. 0. 0. 0. 0. 0. 0. 0.],0.0,0.0,0.0,0.0,0.0,0.0,[0. 0. 0. 0. 0. 0. 0. 0. 0. 0. 0. 0. 0. 0. 0. 0. 0. 0. 0. 0. 0. 0. 0. 0.  0. 0. 0. 0. 0. 0. 0. 0. 0. 0. 0. 0.]
1742662963711340422,1742662963,710844417,odom,base_link,0.0,0.0,0.0,0.0,0.0,0.0,1.0,[0. 0. 0. 0. 0. 0. 0. 0. 0. 0. 0. 0. 0. 0. 0. 0. 0. 0. 0. 0. 0. 0. 0. 0.  0. 0. 0. 0. 0. 0. 0. 0. 0. 0. 0. 0.],0.0,0.0,0.0,0.0,0.0,0.0,[0. 0. 0. 0. 0. 0. 0. 0. 0. 0. 0. 0. 0. 0. 0. 0. 0. 0. 0. 0. 0. 0. 0. 0.  0. 0. 0. 0. 0. 0. 0. 0. 0. 0. 0. 0.]
1742662963760728909,1742662963,760424499,odom,base_link,0.0,0.0,0.0,0.0,0.0,0.0,1.0,[0. 0. 0. 0. 0. 0. 0. 0. 0. 0. 0. 0. 0. 0. 0. 0. 0. 0. 0. 0. 0. 0. 0. 0.  0. 0. 0. 0. 0. 0. 0. 0. 0. 0. 0. 0.],0.0,0.0,0.0,0.0,0.0,0.0,[0. 0. 0. 0. 0. 0. 0. 0. 0. 0. 0. 0. 0. 0. 0. 0. 0. 0. 0. 0. 0. 0. 0. 0.  0. 0. 0. 0. 0. 0. 0. 0. 0. 0. 0. 0.]
1742662963810761087,1742662963,810458177,odom,base_link,0.0,0.0,0.0,0.0,0.0,0.0,1.0,[0. 0. 0. 0. 0. 0. 0. 0. 0. 0. 0. 0. 0. 0. 0. 0. 0. 0. 0. 0. 0. 0. 0. 0.  0. 0. 0. 0. 0. 0. 0. 0. 0. 0. 0. 0.],0.0,0.0,0.0,0.0,0.0,0.0,[0. 0. 0. 0. 0. 0. 0. 0. 0. 0. 0. 0. 0. 0. 0. 0. 0. 0. 0. 0. 0. 0. 0. 0.  0. 0. 0. 0. 0. 0. 0. 0. 0. 0. 0. 0.]
1742662963860976378,1742662963,860563874,odom,base_link,0.0,0.0,0.0,0.0,0.0,0.0,1.0,[0. 0. 0. 0. 0. 0. 0. 0. 0. 0. 0. 0. 0. 0. 0. 0. 0. 0. 0. 0. 0. 0. 0. 0.  0. 0. 0. 0. 0. 0. 0. 0. 0. 0. 0. 0.],0.0,0.0,0.0,0.0,0.0,0.0,[0. 0. 0. 0. 0. 0. 0. 0. 0. 0. 0. 0. 0. 0. 0. 0. 0. 0. 0. 0. 0. 0. 0. 0.  0. 0. 0. 0. 0. 0. 0. 0. 0. 0. 0. 0.]
1742662963910875462,1742662963,910499811,odom,base_link,0.0,0.0,0.0,0.0,0.0,0.0,1.0,[0. 0. 0. 0. 0. 0. 0. 0. 0. 0. 0. 0. 0. 0. 0. 0. 0. 0. 0. 0. 0. 0. 0. 0.  0. 0. 0. 0. 0. 0. 0. 0. 0. 0. 0. 0.],0.0,0.0,0.0,0.0,0.0,0.0,[0. 0. 0. 0. 0. 0. 0. 0. 0. 0. 0. 0. 0. 0. 0. 0. 0. 0. 0. 0. 0. 0. 0. 0.  0. 0. 0. 0. 0. 0. 0. 0. 0. 0. 0. 0.]
1742662963961429405,1742662963,960855066,odom,base_link,0.0,0.0,0.0,0.0,0.0,0.0,1.0,[0. 0. 0. 0. 0. 0. 0. 0. 0. 0. 0. 0. 0. 0. 0. 0. 0. 0. 0. 0. 0. 0. 0. 0.  0. 0. 0. 0. 0. 0. 0. 0. 0. 0. 0. 0.],0.0,0.0,0.0,0.0,0.0,0.0,[0. 0. 0. 0. 0. 0. 0. 0. 0. 0. 0. 0. 0. 0. 0. 0. 0. 0. 0. 0. 0. 0. 0. 0.  0. 0. 0. 0. 0. 0. 0. 0. 0. 0. 0. 0.]
1742662964010816225,1742662964,10494018,odom,base_link,0.0,0.0,0.0,0.0,0.0,0.0,1.0,[0. 0. 0. 0. 0. 0. 0. 0. 0. 0. 0. 0. 0. 0. 0. 0. 0. 0. 0. 0. 0. 0. 0. 0.  0. 0. 0. 0. 0. 0. 0. 0. 0. 0. 0. 0.],0.0,0.0,0.0,0.0,0.0,0.0,[0. 0. 0. 0. 0. 0. 0. 0. 0. 0. 0. 0. 0. 0. 0. 0. 0. 0. 0. 0. 0. 0. 0. 0.  0. 0. 0. 0. 0. 0. 0. 0. 0. 0. 0. 0.]
1742662964060818921,1742662964,60494806,odom,base_link,0.0,0.0,0.0,0.0,0.0,0.0,1.0,[0. 0. 0. 0. 0. 0. 0. 0. 0. 0. 0. 0. 0. 0. 0. 0. 0. 0. 0. 0. 0. 0. 0. 0.  0. 0. 0. 0. 0. 0. 0. 0. 0. 0. 0. 0.],0.0,0.0,0.0,0.0,0.0,0.0,[0. 0. 0. 0. 0. 0. 0. 0. 0. 0. 0. 0. 0. 0. 0. 0. 0. 0. 0. 0. 0. 0. 0. 0.  0. 0. 0. 0. 0. 0. 0. 0. 0. 0. 0. 0.]
1742662964110817746,1742662964,110512002,odom,base_link,0.0,0.0,0.0,0.0,0.0,0.0,1.0,[0. 0. 0. 0. 0. 0. 0. 0. 0. 0. 0. 0. 0. 0. 0. 0. 0. 0. 0. 0. 0. 0. 0. 0.  0. 0. 0. 0. 0. 0. 0. 0. 0. 0. 0. 0.],0.0,0.0,0.0,0.0,0.0,0.0,[0. 0. 0. 0. 0. 0. 0. 0. 0. 0. 0. 0. 0. 0. 0. 0. 0. 0. 0. 0. 0. 0. 0. 0.  0. 0. 0. 0. 0. 0. 0. 0. 0. 0. 0. 0.]
1742662964160877498,1742662964,160569217,odom,base_link,0.0,0.0,0.0,0.0,0.0,0.0,1.0,[0. 0. 0. 0. 0. 0. 0. 0. 0. 0. 0. 0. 0. 0. 0. 0. 0. 0. 0. 0. 0. 0. 0. 0.  0. 0. 0. 0. 0. 0. 0. 0. 0. 0. 0. 0.],0.0,0.0,0.0,0.0,0.0,0.0,[0. 0. 0. 0. 0. 0. 0. 0. 0. 0. 0. 0. 0. 0. 0. 0. 0. 0. 0. 0. 0. 0. 0. 0.  0. 0. 0. 0. 0. 0. 0. 0. 0. 0. 0. 0.]
1742662964211390588,1742662964,210904972,odom,base_link,0.0,0.0,0.0,0.0,0.0,0.0,1.0,[0. 0. 0. 0. 0. 0. 0. 0. 0. 0. 0. 0. 0. 0. 0. 0. 0. 0. 0. 0. 0. 0. 0. 0.  0. 0. 0. 0. 0. 0. 0. 0. 0. 0. 0. 0.],0.0,0.0,0.0,0.0,0.0,0.0,[0. 0. 0. 0. 0. 0. 0. 0. 0. 0. 0. 0. 0. 0. 0. 0. 0. 0. 0. 0. 0. 0. 0. 0.  0. 0. 0. 0. 0. 0. 0. 0. 0. 0. 0. 0.]
1742662964260737981,1742662964,260442219,odom,base_link,0.0,0.0,0.0,0.0,0.0,0.0,1.0,[0. 0. 0. 0. 0. 0. 0. 0. 0. 0. 0. 0. 0. 0. 0. 0. 0. 0. 0. 0. 0. 0. 0. 0.  0. 0. 0. 0. 0. 0. 0. 0. 0. 0. 0. 0.],0.0,0.0,0.0,0.0,0.0,0.0,[0. 0. 0. 0. 0. 0. 0. 0. 0. 0. 0. 0. 0. 0. 0. 0. 0. 0. 0. 0. 0. 0. 0. 0.  0. 0. 0. 0. 0. 0. 0. 0. 0. 0. 0. 0.]
1742662964300775561,1742662964,300456465,odom,base_link,0.0,0.0,0.0,0.0,0.0,0.0,1.0,[0. 0. 0. 0. 0. 0. 0. 0. 0. 0. 0. 0. 0. 0. 0. 0. 0. 0. 0. 0. 0. 0. 0. 0.  0. 0. 0. 0. 0. 0. 0. 0. 0. 0. 0. 0.],0.0,0.0,0.0,0.0,0.0,0.0,[0. 0. 0. 0. 0. 0. 0. 0. 0. 0. 0. 0. 0. 0. 0. 0. 0. 0. 0. 0. 0. 0. 0. 0.  0. 0. 0. 0. 0. 0. 0. 0. 0. 0. 0. 0.]
1742662964350720478,1742662964,350428012,odom,base_link,0.0,0.0,0.0,0.0,0.0,0.0,1.0,[0. 0. 0. 0. 0. 0. 0. 0. 0. 0. 0. 0. 0. 0. 0. 0. 0. 0. 0. 0. 0. 0. 0. 0.  0. 0. 0. 0. 0. 0. 0. 0. 0. 0. 0. 0.],0.0,0.0,0.0,0.0,0.0,0.0,[0. 0. 0. 0. 0. 0. 0. 0. 0. 0. 0. 0. 0. 0. 0. 0. 0. 0. 0. 0. 0. 0. 0. 0.  0. 0. 0. 0. 0. 0. 0. 0. 0. 0. 0. 0.]
1742662964400867861,1742662964,400462708,odom,base_link,0.0,0.0,0.0,0.0,0.0,0.0,1.0,[0. 0. 0. 0. 0. 0. 0. 0. 0. 0. 0. 0. 0. 0. 0. 0. 0. 0. 0. 0. 0. 0. 0. 0.  0. 0. 0. 0. 0. 0. 0. 0. 0. 0. 0. 0.],0.0,0.0,0.0,0.0,0.0,0.0,[0. 0. 0. 0. 0. 0. 0. 0. 0. 0. 0. 0. 0. 0. 0. 0. 0. 0. 0. 0. 0. 0. 0. 0.  0. 0. 0. 0. 0. 0. 0. 0. 0. 0. 0. 0.]
1742662964450810260,1742662964,450440830,odom,base_link,0.0,0.0,0.0,0.0,0.0,0.0,1.0,[0. 0. 0. 0. 0. 0. 0. 0. 0. 0. 0. 0. 0. 0. 0. 0. 0. 0. 0. 0. 0. 0. 0. 0.  0. 0. 0. 0. 0. 0. 0. 0. 0. 0. 0. 0.],0.0,0.0,0.0,0.0,0.0,0.0,[0. 0. 0. 0. 0. 0. 0. 0. 0. 0. 0. 0. 0. 0. 0. 0. 0. 0. 0. 0. 0. 0. 0. 0.  0. 0. 0. 0. 0. 0. 0. 0. 0. 0. 0. 0.]
1742662964500868345,1742662964,500533990,odom,base_link,0.0,0.0,0.0,0.0,0.0,0.0,1.0,[0. 0. 0. 0. 0. 0. 0. 0. 0. 0. 0. 0. 0. 0. 0. 0. 0. 0. 0. 0. 0. 0. 0. 0.  0. 0. 0. 0. 0. 0. 0. 0. 0. 0. 0. 0.],0.0,0.0,0.0,0.0,0.0,0.0,[0. 0. 0. 0. 0. 0. 0. 0. 0. 0. 0. 0. 0. 0. 0. 0. 0. 0. 0. 0. 0. 0. 0. 0.  0. 0. 0. 0. 0. 0. 0. 0. 0. 0. 0. 0.]
1742662964550747854,1742662964,550429555,odom,base_link,0.0,0.0,0.0,0.0,0.0,0.0,1.0,[0. 0. 0. 0. 0. 0. 0. 0. 0. 0. 0. 0. 0. 0. 0. 0. 0. 0. 0. 0. 0. 0. 0. 0.  0. 0. 0. 0. 0. 0. 0. 0. 0. 0. 0. 0.],0.0,0.0,0.0,0.0,0.0,0.0,[0. 0. 0. 0. 0. 0. 0. 0. 0. 0. 0. 0. 0. 0. 0. 0. 0. 0. 0. 0. 0. 0. 0. 0.  0. 0. 0. 0. 0. 0. 0. 0. 0. 0. 0. 0.]
1742662964601186129,1742662964,600451881,odom,base_link,0.0,0.0,0.0,0.0,0.0,0.0,1.0,[0. 0. 0. 0. 0. 0. 0. 0. 0. 0. 0. 0. 0. 0. 0. 0. 0. 0. 0. 0. 0. 0. 0. 0.  0. 0. 0. 0. 0. 0. 0. 0. 0. 0. 0. 0.],0.0,0.0,0.0,0.0,0.0,0.0,[0. 0. 0. 0. 0. 0. 0. 0. 0. 0. 0. 0. 0. 0. 0. 0. 0. 0. 0. 0. 0. 0. 0. 0.  0. 0. 0. 0. 0. 0. 0. 0. 0. 0. 0. 0.]
1742662964650779765,1742662964,650432965,odom,base_link,0.0,0.0,0.0,0.0,0.0,0.0,1.0,[0. 0. 0. 0. 0. 0. 0. 0. 0. 0. 0. 0. 0. 0. 0. 0. 0. 0. 0. 0. 0. 0. 0. 0.  0. 0. 0. 0. 0. 0. 0. 0. 0. 0. 0. 0.],0.0,0.0,0.0,0.0,0.0,0.0,[0. 0. 0. 0. 0. 0. 0. 0. 0. 0. 0. 0. 0. 0. 0. 0. 0. 0. 0. 0. 0. 0. 0. 0.  0. 0. 0. 0. 0. 0. 0. 0. 0. 0. 0. 0.]
1742662964700890573,1742662964,700564070,odom,base_link,0.0,0.0,0.0,0.0,0.0,0.0,1.0,[0. 0. 0. 0. 0. 0. 0. 0. 0. 0. 0. 0. 0. 0. 0. 0. 0. 0. 0. 0. 0. 0. 0. 0.  0. 0. 0. 0. 0. 0. 0. 0. 0. 0. 0. 0.],0.0,0.0,0.0,0.0,0.0,0.0,[0. 0. 0. 0. 0. 0. 0. 0. 0. 0. 0. 0. 0. 0. 0. 0. 0. 0. 0. 0. 0. 0. 0. 0.  0. 0. 0. 0. 0. 0. 0. 0. 0. 0. 0. 0.]
1742662964750863509,1742662964,750509598,odom,base_link,0.0,0.0,0.0,0.0,0.0,0.0,1.0,[0. 0. 0. 0. 0. 0. 0. 0. 0. 0. 0. 0. 0. 0. 0. 0. 0. 0. 0. 0. 0. 0. 0. 0.  0. 0. 0. 0. 0. 0. 0. 0. 0. 0. 0. 0.],0.0,0.0,0.0,0.0,0.0,0.0,[0. 0. 0. 0. 0. 0. 0. 0. 0. 0. 0. 0. 0. 0. 0. 0. 0. 0. 0. 0. 0. 0. 0. 0.  0. 0. 0. 0. 0. 0. 0. 0. 0. 0. 0. 0.]
1742662964800822446,1742662964,800522443,odom,base_link,0.0,0.0,0.0,0.0,0.0,0.0,1.0,[0. 0. 0. 0. 0. 0. 0. 0. 0. 0. 0. 0. 0. 0. 0. 0. 0. 0. 0. 0. 0. 0. 0. 0.  0. 0. 0. 0. 0. 0. 0. 0. 0. 0. 0. 0.],0.0,0.0,0.0,0.0,0.0,0.0,[0. 0. 0. 0. 0. 0. 0. 0. 0. 0. 0. 0. 0. 0. 0. 0. 0. 0. 0. 0. 0. 0. 0. 0.  0. 0. 0. 0. 0. 0. 0. 0. 0. 0. 0. 0.]
1742662964850759789,1742662964,850454786,odom,base_link,0.0,0.0,0.0,0.0,0.0,0.0,1.0,[0. 0. 0. 0. 0. 0. 0. 0. 0. 0. 0. 0. 0. 0. 0. 0. 0. 0. 0. 0. 0. 0. 0. 0.  0. 0. 0. 0. 0. 0. 0. 0. 0. 0. 0. 0.],0.0,0.0,0.0,0.0,0.0,0.0,[0. 0. 0. 0. 0. 0. 0. 0. 0. 0. 0. 0. 0. 0. 0. 0. 0. 0. 0. 0. 0. 0. 0. 0.  0. 0. 0. 0. 0. 0. 0. 0. 0. 0. 0. 0.]
1742662964900752522,1742662964,900461760,odom,base_link,0.0,0.0,0.0,0.0,0.0,0.0,1.0,[0. 0. 0. 0. 0. 0. 0. 0. 0. 0. 0. 0. 0. 0. 0. 0. 0. 0. 0. 0. 0. 0. 0. 0.  0. 0. 0. 0. 0. 0. 0. 0. 0. 0. 0. 0.],0.0,0.0,0.0,0.0,0.0,0.0,[0. 0. 0. 0. 0. 0. 0. 0. 0. 0. 0. 0. 0. 0. 0. 0. 0. 0. 0. 0. 0. 0. 0. 0.  0. 0. 0. 0. 0. 0. 0. 0. 0. 0. 0. 0.]
1742662964950832959,1742662964,950475919,odom,base_link,0.0,0.0,0.0,0.0,0.0,0.0,1.0,[0. 0. 0. 0. 0. 0. 0. 0. 0. 0. 0. 0. 0. 0. 0. 0. 0. 0. 0. 0. 0. 0. 0. 0.  0. 0. 0. 0. 0. 0. 0. 0. 0. 0. 0. 0.],0.0,0.0,0.0,0.0,0.0,0.0,[0. 0. 0. 0. 0. 0. 0. 0. 0. 0. 0. 0. 0. 0. 0. 0. 0. 0. 0. 0. 0. 0. 0. 0.  0. 0. 0. 0. 0. 0. 0. 0. 0. 0. 0. 0.]
1742662965000876415,1742662965,504504,odom,base_link,0.0,0.0,0.0,0.0,0.0,0.0,1.0,[0. 0. 0. 0. 0. 0. 0. 0. 0. 0. 0. 0. 0. 0. 0. 0. 0. 0. 0. 0. 0. 0. 0. 0.  0. 0. 0. 0. 0. 0. 0. 0. 0. 0. 0. 0.],0.0,0.0,0.0,0.0,0.0,0.0,[0. 0. 0. 0. 0. 0. 0. 0. 0. 0. 0. 0. 0. 0. 0. 0. 0. 0. 0. 0. 0. 0. 0. 0.  0. 0. 0. 0. 0. 0. 0. 0. 0. 0. 0. 0.]
1742662965050845869,1742662965,50477828,odom,base_link,0.0,0.0,0.0,0.0,0.0,0.0,1.0,[0. 0. 0. 0. 0. 0. 0. 0. 0. 0. 0. 0. 0. 0. 0. 0. 0. 0. 0. 0. 0. 0. 0. 0.  0. 0. 0. 0. 0. 0. 0. 0. 0. 0. 0. 0.],0.0,0.0,0.0,0.0,0.0,0.0,[0. 0. 0. 0. 0. 0. 0. 0. 0. 0. 0. 0. 0. 0. 0. 0. 0. 0. 0. 0. 0. 0. 0. 0.  0. 0. 0. 0. 0. 0. 0. 0. 0. 0. 0. 0.]
1742662965101221605,1742662965,100415023,odom,base_link,0.0,0.0,0.0,0.0,0.0,0.0,1.0,[0. 0. 0. 0. 0. 0. 0. 0. 0. 0. 0. 0. 0. 0. 0. 0. 0. 0. 0. 0. 0. 0. 0. 0.  0. 0. 0. 0. 0. 0. 0. 0. 0. 0. 0. 0.],0.0,0.0,0.0,0.0,0.0,0.0,[0. 0. 0. 0. 0. 0. 0. 0. 0. 0. 0. 0. 0. 0. 0. 0. 0. 0. 0. 0. 0. 0. 0. 0.  0. 0. 0. 0. 0. 0. 0. 0. 0. 0. 0. 0.]
1742662965150811685,1742662965,150462238,odom,base_link,0.0,0.0,0.0,0.0,0.0,0.0,1.0,[0. 0. 0. 0. 0. 0. 0. 0. 0. 0. 0. 0. 0. 0. 0. 0. 0. 0. 0. 0. 0. 0. 0. 0.  0. 0. 0. 0. 0. 0. 0. 0. 0. 0. 0. 0.],0.0,0.0,0.0,0.0,0.0,0.0,[0. 0. 0. 0. 0. 0. 0. 0. 0. 0. 0. 0. 0. 0. 0. 0. 0. 0. 0. 0. 0. 0. 0. 0.  0. 0. 0. 0. 0. 0. 0. 0. 0. 0. 0. 0.]
1742662965200797529,1742662965,200444192,odom,base_link,0.0,0.0,0.0,0.0,0.0,0.0,1.0,[0. 0. 0. 0. 0. 0. 0. 0. 0. 0. 0. 0. 0. 0. 0. 0. 0. 0. 0. 0. 0. 0. 0. 0.  0. 0. 0. 0. 0. 0. 0. 0. 0. 0. 0. 0.],0.0,0.0,0.0,0.0,0.0,0.0,[0. 0. 0. 0. 0. 0. 0. 0. 0. 0. 0. 0. 0. 0. 0. 0. 0. 0. 0. 0. 0. 0. 0. 0.  0. 0. 0. 0. 0. 0. 0. 0. 0. 0. 0. 0.]
1742662965240769663,1742662965,240418030,odom,base_link,0.0,0.0,0.0,0.0,0.0,0.0,1.0,[0. 0. 0. 0. 0. 0. 0. 0. 0. 0. 0. 0. 0. 0. 0. 0. 0. 0. 0. 0. 0. 0. 0. 0.  0. 0. 0. 0. 0. 0. 0. 0. 0. 0. 0. 0.],0.0,0.0,0.0,0.0,0.0,0.0,[0. 0. 0. 0. 0. 0. 0. 0. 0. 0. 0. 0. 0. 0. 0. 0. 0. 0. 0. 0. 0. 0. 0. 0.  0. 0. 0. 0. 0. 0. 0. 0. 0. 0. 0. 0.]
1742662965290844748,1742662965,290483559,odom,base_link,0.0,0.0,0.0,0.0,0.0,0.0,1.0,[0. 0. 0. 0. 0. 0. 0. 0. 0. 0. 0. 0. 0. 0. 0. 0. 0. 0. 0. 0. 0. 0. 0. 0.  0. 0. 0. 0. 0. 0. 0. 0. 0. 0. 0. 0.],0.0,0.0,0.0,0.0,0.0,0.0,[0. 0. 0. 0. 0. 0. 0. 0. 0. 0. 0. 0. 0. 0. 0. 0. 0. 0. 0. 0. 0. 0. 0. 0.  0. 0. 0. 0. 0. 0. 0. 0. 0. 0. 0. 0.]
1742662965340805887,1742662965,340510458,odom,base_link,0.0,0.0,0.0,0.0,0.0,0.0,1.0,[0. 0. 0. 0. 0. 0. 0. 0. 0. 0. 0. 0. 0. 0. 0. 0. 0. 0. 0. 0. 0. 0. 0. 0.  0. 0. 0. 0. 0. 0. 0. 0. 0. 0. 0. 0.],0.0,0.0,0.0,0.0,0.0,0.0,[0. 0. 0. 0. 0. 0. 0. 0. 0. 0. 0. 0. 0. 0. 0. 0. 0. 0. 0. 0. 0. 0. 0. 0.  0. 0. 0. 0. 0. 0. 0. 0. 0. 0. 0. 0.]
1742662965392342264,1742662965,391207753,odom,base_link,0.0,0.0,0.0,0.0,0.0,0.0,1.0,[0. 0. 0. 0. 0. 0. 0. 0. 0. 0. 0. 0. 0. 0. 0. 0. 0. 0. 0. 0. 0. 0. 0. 0.  0. 0. 0. 0. 0. 0. 0. 0. 0. 0. 0. 0.],0.0,0.0,0.0,0.0,0.0,0.0,[0. 0. 0. 0. 0. 0. 0. 0. 0. 0. 0. 0. 0. 0. 0. 0. 0. 0. 0. 0. 0. 0. 0. 0.  0. 0. 0. 0. 0. 0. 0. 0. 0. 0. 0. 0.]
1742662965440869871,1742662965,440548201,odom,base_link,0.0,0.0,0.0,0.0,0.0,0.0,1.0,[0. 0. 0. 0. 0. 0. 0. 0. 0. 0. 0. 0. 0. 0. 0. 0. 0. 0. 0. 0. 0. 0. 0. 0.  0. 0. 0. 0. 0. 0. 0. 0. 0. 0. 0. 0.],0.0,0.0,0.0,0.0,0.0,0.0,[0. 0. 0. 0. 0. 0. 0. 0. 0. 0. 0. 0. 0. 0. 0. 0. 0. 0. 0. 0. 0. 0. 0. 0.  0. 0. 0. 0. 0. 0. 0. 0. 0. 0. 0. 0.]
1742662965490810825,1742662965,490453470,odom,base_link,0.0,0.0,0.0,0.0,0.0,0.0,1.0,[0. 0. 0. 0. 0. 0. 0. 0. 0. 0. 0. 0. 0. 0. 0. 0. 0. 0. 0. 0. 0. 0. 0. 0.  0. 0. 0. 0. 0. 0. 0. 0. 0. 0. 0. 0.],0.0,0.0,0.0,0.0,0.0,0.0,[0. 0. 0. 0. 0. 0. 0. 0. 0. 0. 0. 0. 0. 0. 0. 0. 0. 0. 0. 0. 0. 0. 0. 0.  0. 0. 0. 0. 0. 0. 0. 0. 0. 0. 0. 0.]
1742662965540873429,1742662965,540479462,odom,base_link,0.0,0.0,0.0,0.0,0.0,0.0,1.0,[0. 0. 0. 0. 0. 0. 0. 0. 0. 0. 0. 0. 0. 0. 0. 0. 0. 0. 0. 0. 0. 0. 0. 0.  0. 0. 0. 0. 0. 0. 0. 0. 0. 0. 0. 0.],0.0,0.0,0.0,0.0,0.0,0.0,[0. 0. 0. 0. 0. 0. 0. 0. 0. 0. 0. 0. 0. 0. 0. 0. 0. 0. 0. 0. 0. 0. 0. 0.  0. 0. 0. 0. 0. 0. 0. 0. 0. 0. 0. 0.]
1742662965590791530,1742662965,590489065,odom,base_link,0.0,0.0,0.0,0.0,0.0,0.0,1.0,[0. 0. 0. 0. 0. 0. 0. 0. 0. 0. 0. 0. 0. 0. 0. 0. 0. 0. 0. 0. 0. 0. 0. 0.  0. 0. 0. 0. 0. 0. 0. 0. 0. 0. 0. 0.],0.0,0.0,0.0,0.0,0.0,0.0,[0. 0. 0. 0. 0. 0. 0. 0. 0. 0. 0. 0. 0. 0. 0. 0. 0. 0. 0. 0. 0. 0. 0. 0.  0. 0. 0. 0. 0. 0. 0. 0. 0. 0. 0. 0.]
1742662965640970876,1742662965,640617817,odom,base_link,0.0,0.0,0.0,0.0,0.0,0.0,1.0,[0. 0. 0. 0. 0. 0. 0. 0. 0. 0. 0. 0. 0. 0. 0. 0. 0. 0. 0. 0. 0. 0. 0. 0.  0. 0. 0. 0. 0. 0. 0. 0. 0. 0. 0. 0.],0.0,0.0,0.0,0.0,0.0,0.0,[0. 0. 0. 0. 0. 0. 0. 0. 0. 0. 0. 0. 0. 0. 0. 0. 0. 0. 0. 0. 0. 0. 0. 0.  0. 0. 0. 0. 0. 0. 0. 0. 0. 0. 0. 0.]
1742662965690825347,1742662965,690526215,odom,base_link,0.0,0.0,0.0,0.0,0.0,0.0,1.0,[0. 0. 0. 0. 0. 0. 0. 0. 0. 0. 0. 0. 0. 0. 0. 0. 0. 0. 0. 0. 0. 0. 0. 0.  0. 0. 0. 0. 0. 0. 0. 0. 0. 0. 0. 0.],0.0,0.0,0.0,0.0,0.0,0.0,[0. 0. 0. 0. 0. 0. 0. 0. 0. 0. 0. 0. 0. 0. 0. 0. 0. 0. 0. 0. 0. 0. 0. 0.  0. 0. 0. 0. 0. 0. 0. 0. 0. 0. 0. 0.]
1742662965741020008,1742662965,740463243,odom,base_link,0.0,0.0,0.0,0.0,0.0,0.0,1.0,[0. 0. 0. 0. 0. 0. 0. 0. 0. 0. 0. 0. 0. 0. 0. 0. 0. 0. 0. 0. 0. 0. 0. 0.  0. 0. 0. 0. 0. 0. 0. 0. 0. 0. 0. 0.],0.0,0.0,0.0,0.0,0.0,0.0,[0. 0. 0. 0. 0. 0. 0. 0. 0. 0. 0. 0. 0. 0. 0. 0. 0. 0. 0. 0. 0. 0. 0. 0.  0. 0. 0. 0. 0. 0. 0. 0. 0. 0. 0. 0.]
1742662965790783960,1742662965,790481420,odom,base_link,0.0,0.0,0.0,0.0,0.0,0.0,1.0,[0. 0. 0. 0. 0. 0. 0. 0. 0. 0. 0. 0. 0. 0. 0. 0. 0. 0. 0. 0. 0. 0. 0. 0.  0. 0. 0. 0. 0. 0. 0. 0. 0. 0. 0. 0.],0.0,0.0,0.0,0.0,0.0,0.0,[0. 0. 0. 0. 0. 0. 0. 0. 0. 0. 0. 0. 0. 0. 0. 0. 0. 0. 0. 0. 0. 0. 0. 0.  0. 0. 0. 0. 0. 0. 0. 0. 0. 0. 0. 0.]
1742662965840789767,1742662965,840430133,odom,base_link,0.0,0.0,0.0,0.0,0.0,0.0,1.0,[0. 0. 0. 0. 0. 0. 0. 0. 0. 0. 0. 0. 0. 0. 0. 0. 0. 0. 0. 0. 0. 0. 0. 0.  0. 0. 0. 0. 0. 0. 0. 0. 0. 0. 0. 0.],0.0,0.0,0.0,0.0,0.0,0.0,[0. 0. 0. 0. 0. 0. 0. 0. 0. 0. 0. 0. 0. 0. 0. 0. 0. 0. 0. 0. 0. 0. 0. 0.  0. 0. 0. 0. 0. 0. 0. 0. 0. 0. 0. 0.]
1742662965891351042,1742662965,890989742,odom,base_link,0.0,0.0,0.0,0.0,0.0,0.0,1.0,[0. 0. 0. 0. 0. 0. 0. 0. 0. 0. 0. 0. 0. 0. 0. 0. 0. 0. 0. 0. 0. 0. 0. 0.  0. 0. 0. 0. 0. 0. 0. 0. 0. 0. 0. 0.],0.0,0.0,0.0,0.0,0.0,0.0,[0. 0. 0. 0. 0. 0. 0. 0. 0. 0. 0. 0. 0. 0. 0. 0. 0. 0. 0. 0. 0. 0. 0. 0.  0. 0. 0. 0. 0. 0. 0. 0. 0. 0. 0. 0.]
1742662965940811176,1742662965,940446747,odom,base_link,0.0,0.0,0.0,0.0,0.0,0.0,1.0,[0. 0. 0. 0. 0. 0. 0. 0. 0. 0. 0. 0. 0. 0. 0. 0. 0. 0. 0. 0. 0. 0. 0. 0.  0. 0. 0. 0. 0. 0. 0. 0. 0. 0. 0. 0.],0.0,0.0,0.0,0.0,0.0,0.0,[0. 0. 0. 0. 0. 0. 0. 0. 0. 0. 0. 0. 0. 0. 0. 0. 0. 0. 0. 0. 0. 0. 0. 0.  0. 0. 0. 0. 0. 0. 0. 0. 0. 0. 0. 0.]
1742662965990998040,1742662965,990471442,odom,base_link,0.0,0.0,0.0,0.0,0.0,0.0,1.0,[0. 0. 0. 0. 0. 0. 0. 0. 0. 0. 0. 0. 0. 0. 0. 0. 0. 0. 0. 0. 0. 0. 0. 0.  0. 0. 0. 0. 0. 0. 0. 0. 0. 0. 0. 0.],0.0,0.0,0.0,0.0,0.0,0.0,[0. 0. 0. 0. 0. 0. 0. 0. 0. 0. 0. 0. 0. 0. 0. 0. 0. 0. 0. 0. 0. 0. 0. 0.  0. 0. 0. 0. 0. 0. 0. 0. 0. 0. 0. 0.]
1742662966040873956,1742662966,40510026,odom,base_link,0.0,0.0,0.0,0.0,0.0,0.0,1.0,[0. 0. 0. 0. 0. 0. 0. 0. 0. 0. 0. 0. 0. 0. 0. 0. 0. 0. 0. 0. 0. 0. 0. 0.  0. 0. 0. 0. 0. 0. 0. 0. 0. 0. 0. 0.],0.0,0.0,0.0,0.0,0.0,0.0,[0. 0. 0. 0. 0. 0. 0. 0. 0. 0. 0. 0. 0. 0. 0. 0. 0. 0. 0. 0. 0. 0. 0. 0.  0. 0. 0. 0. 0. 0. 0. 0. 0. 0. 0. 0.]
1742662966091236877,1742662966,90534981,odom,base_link,0.0,0.0,0.0,0.0,0.0,0.0,1.0,[0. 0. 0. 0. 0. 0. 0. 0. 0. 0. 0. 0. 0. 0. 0. 0. 0. 0. 0. 0. 0. 0. 0. 0.  0. 0. 0. 0. 0. 0. 0. 0. 0. 0. 0. 0.],0.0,0.0,0.0,0.0,0.0,0.0,[0. 0. 0. 0. 0. 0. 0. 0. 0. 0. 0. 0. 0. 0. 0. 0. 0. 0. 0. 0. 0. 0. 0. 0.  0. 0. 0. 0. 0. 0. 0. 0. 0. 0. 0. 0.]
1742662966141157330,1742662966,140743233,odom,base_link,0.0,0.0,0.0,0.0,0.0,0.0,1.0,[0. 0. 0. 0. 0. 0. 0. 0. 0. 0. 0. 0. 0. 0. 0. 0. 0. 0. 0. 0. 0. 0. 0. 0.  0. 0. 0. 0. 0. 0. 0. 0. 0. 0. 0. 0.],0.0,0.0,0.0,0.0,0.0,0.0,[0. 0. 0. 0. 0. 0. 0. 0. 0. 0. 0. 0. 0. 0. 0. 0. 0. 0. 0. 0. 0. 0. 0. 0.  0. 0. 0. 0. 0. 0. 0. 0. 0. 0. 0. 0.]
1742662966181016185,1742662966,180659237,odom,base_link,0.0,0.0,0.0,0.0,0.0,0.0,1.0,[0. 0. 0. 0. 0. 0. 0. 0. 0. 0. 0. 0. 0. 0. 0. 0. 0. 0. 0. 0. 0. 0. 0. 0.  0. 0. 0. 0. 0. 0. 0. 0. 0. 0. 0. 0.],0.0,0.0,0.0,0.0,0.0,0.0,[0. 0. 0. 0. 0. 0. 0. 0. 0. 0. 0. 0. 0. 0. 0. 0. 0. 0. 0. 0. 0. 0. 0. 0.  0. 0. 0. 0. 0. 0. 0. 0. 0. 0. 0. 0.]
1742662966230940360,1742662966,230539504,odom,base_link,0.0,0.0,0.0,0.0,0.0,0.0,1.0,[0. 0. 0. 0. 0. 0. 0. 0. 0. 0. 0. 0. 0. 0. 0. 0. 0. 0. 0. 0. 0. 0. 0. 0.  0. 0. 0. 0. 0. 0. 0. 0. 0. 0. 0. 0.],0.0,0.0,0.0,0.0,0.0,0.0,[0. 0. 0. 0. 0. 0. 0. 0. 0. 0. 0. 0. 0. 0. 0. 0. 0. 0. 0. 0. 0. 0. 0. 0.  0. 0. 0. 0. 0. 0. 0. 0. 0. 0. 0. 0.]
1742662966281569172,1742662966,280959889,odom,base_link,0.0,0.0,0.0,0.0,0.0,0.0,1.0,[0. 0. 0. 0. 0. 0. 0. 0. 0. 0. 0. 0. 0. 0. 0. 0. 0. 0. 0. 0. 0. 0. 0. 0.  0. 0. 0. 0. 0. 0. 0. 0. 0. 0. 0. 0.],0.0,0.0,0.0,0.0,0.0,0.0,[0. 0. 0. 0. 0. 0. 0. 0. 0. 0. 0. 0. 0. 0. 0. 0. 0. 0. 0. 0. 0. 0. 0. 0.  0. 0. 0. 0. 0. 0. 0. 0. 0. 0. 0. 0.]
1742662966331894852,1742662966,330788841,odom,base_link,0.0,0.0,0.0,0.0,0.0,0.0,1.0,[0. 0. 0. 0. 0. 0. 0. 0. 0. 0. 0. 0. 0. 0. 0. 0. 0. 0. 0. 0. 0. 0. 0. 0.  0. 0. 0. 0. 0. 0. 0. 0. 0. 0. 0. 0.],0.0,0.0,0.0,0.0,0.0,0.0,[0. 0. 0. 0. 0. 0. 0. 0. 0. 0. 0. 0. 0. 0. 0. 0. 0. 0. 0. 0. 0. 0. 0. 0.  0. 0. 0. 0. 0. 0. 0. 0. 0. 0. 0. 0.]
1742662966383674157,1742662966,380792629,odom,base_link,0.0,0.0,0.0,0.0,0.0,0.0,1.0,[0. 0. 0. 0. 0. 0. 0. 0. 0. 0. 0. 0. 0. 0. 0. 0. 0. 0. 0. 0. 0. 0. 0. 0.  0. 0. 0. 0. 0. 0. 0. 0. 0. 0. 0. 0.],0.0,0.0,0.0,0.0,0.0,0.0,[0. 0. 0. 0. 0. 0. 0. 0. 0. 0. 0. 0. 0. 0. 0. 0. 0. 0. 0. 0. 0. 0. 0. 0.  0. 0. 0. 0. 0. 0. 0. 0. 0. 0. 0. 0.]
1742662966437507038,1742662966,437097126,odom,base_link,0.0,0.0,0.0,0.0,0.0,0.0,1.0,[0. 0. 0. 0. 0. 0. 0. 0. 0. 0. 0. 0. 0. 0. 0. 0. 0. 0. 0. 0. 0. 0. 0. 0.  0. 0. 0. 0. 0. 0. 0. 0. 0. 0. 0. 0.],0.0,0.0,0.0,0.0,0.0,0.0,[0. 0. 0. 0. 0. 0. 0. 0. 0. 0. 0. 0. 0. 0. 0. 0. 0. 0. 0. 0. 0. 0. 0. 0.  0. 0. 0. 0. 0. 0. 0. 0. 0. 0. 0. 0.]
1742662966480835334,1742662966,480477589,odom,base_link,0.0,0.0,0.0,0.0,0.0,0.0,1.0,[0. 0. 0. 0. 0. 0. 0. 0. 0. 0. 0. 0. 0. 0. 0. 0. 0. 0. 0. 0. 0. 0. 0. 0.  0. 0. 0. 0. 0. 0. 0. 0. 0. 0. 0. 0.],0.0,0.0,0.0,0.0,0.0,0.0,[0. 0. 0. 0. 0. 0. 0. 0. 0. 0. 0. 0. 0. 0. 0. 0. 0. 0. 0. 0. 0. 0. 0. 0.  0. 0. 0. 0. 0. 0. 0. 0. 0. 0. 0. 0.]
1742662966531019252,1742662966,530527859,odom,base_link,0.0,0.0,0.0,0.0,0.0,0.0,1.0,[0. 0. 0. 0. 0. 0. 0. 0. 0. 0. 0. 0. 0. 0. 0. 0. 0. 0. 0. 0. 0. 0. 0. 0.  0. 0. 0. 0. 0. 0. 0. 0. 0. 0. 0. 0.],0.0,0.0,0.0,0.0,0.0,0.0,[0. 0. 0. 0. 0. 0. 0. 0. 0. 0. 0. 0. 0. 0. 0. 0. 0. 0. 0. 0. 0. 0. 0. 0.  0. 0. 0. 0. 0. 0. 0. 0. 0. 0. 0. 0.]
1742662966580847335,1742662966,580470238,odom,base_link,0.0,0.0,0.0,0.0,0.0,0.0,1.0,[0. 0. 0. 0. 0. 0. 0. 0. 0. 0. 0. 0. 0. 0. 0. 0. 0. 0. 0. 0. 0. 0. 0. 0.  0. 0. 0. 0. 0. 0. 0. 0. 0. 0. 0. 0.],0.0,0.0,0.0,0.0,0.0,0.0,[0. 0. 0. 0. 0. 0. 0. 0. 0. 0. 0. 0. 0. 0. 0. 0. 0. 0. 0. 0. 0. 0. 0. 0.  0. 0. 0. 0. 0. 0. 0. 0. 0. 0. 0. 0.]
1742662966631142477,1742662966,630438248,odom,base_link,0.0,0.0,0.0,0.0,0.0,0.0,1.0,[0. 0. 0. 0. 0. 0. 0. 0. 0. 0. 0. 0. 0. 0. 0. 0. 0. 0. 0. 0. 0. 0. 0. 0.  0. 0. 0. 0. 0. 0. 0. 0. 0. 0. 0. 0.],0.0,0.0,0.0,0.0,0.0,0.0,[0. 0. 0. 0. 0. 0. 0. 0. 0. 0. 0. 0. 0. 0. 0. 0. 0. 0. 0. 0. 0. 0. 0. 0.  0. 0. 0. 0. 0. 0. 0. 0. 0. 0. 0. 0.]
1742662966680795687,1742662966,680492221,odom,base_link,0.0,0.0,0.0,0.0,0.0,0.0,1.0,[0. 0. 0. 0. 0. 0. 0. 0. 0. 0. 0. 0. 0. 0. 0. 0. 0. 0. 0. 0. 0. 0. 0. 0.  0. 0. 0. 0. 0. 0. 0. 0. 0. 0. 0. 0.],0.0,0.0,0.0,0.0,0.0,0.0,[0. 0. 0. 0. 0. 0. 0. 0. 0. 0. 0. 0. 0. 0. 0. 0. 0. 0. 0. 0. 0. 0. 0. 0.  0. 0. 0. 0. 0. 0. 0. 0. 0. 0. 0. 0.]
1742662966730685658,1742662966,730396804,odom,base_link,0.0,0.0,0.0,0.0,0.0,0.0,1.0,[0. 0. 0. 0. 0. 0. 0. 0. 0. 0. 0. 0. 0. 0. 0. 0. 0. 0. 0. 0. 0. 0. 0. 0.  0. 0. 0. 0. 0. 0. 0. 0. 0. 0. 0. 0.],0.0,0.0,0.0,0.0,0.0,0.0,[0. 0. 0. 0. 0. 0. 0. 0. 0. 0. 0. 0. 0. 0. 0. 0. 0. 0. 0. 0. 0. 0. 0. 0.  0. 0. 0. 0. 0. 0. 0. 0. 0. 0. 0. 0.]
1742662966781603121,1742662966,780771150,odom,base_link,0.0,0.0,0.0,0.0,0.0,0.0,1.0,[0. 0. 0. 0. 0. 0. 0. 0. 0. 0. 0. 0. 0. 0. 0. 0. 0. 0. 0. 0. 0. 0. 0. 0.  0. 0. 0. 0. 0. 0. 0. 0. 0. 0. 0. 0.],0.0,0.0,0.0,0.0,0.0,0.0,[0. 0. 0. 0. 0. 0. 0. 0. 0. 0. 0. 0. 0. 0. 0. 0. 0. 0. 0. 0. 0. 0. 0. 0.  0. 0. 0. 0. 0. 0. 0. 0. 0. 0. 0. 0.]
1742662966830696382,1742662966,830408971,odom,base_link,0.0,0.0,0.0,0.0,0.0,0.0,1.0,[0. 0. 0. 0. 0. 0. 0. 0. 0. 0. 0. 0. 0. 0. 0. 0. 0. 0. 0. 0. 0. 0. 0. 0.  0. 0. 0. 0. 0. 0. 0. 0. 0. 0. 0. 0.],0.0,0.0,0.0,0.0,0.0,0.0,[0. 0. 0. 0. 0. 0. 0. 0. 0. 0. 0. 0. 0. 0. 0. 0. 0. 0. 0. 0. 0. 0. 0. 0.  0. 0. 0. 0. 0. 0. 0. 0. 0. 0. 0. 0.]
1742662966880765151,1742662966,880422185,odom,base_link,0.0,0.0,0.0,0.0,0.0,0.0,1.0,[0. 0. 0. 0. 0. 0. 0. 0. 0. 0. 0. 0. 0. 0. 0. 0. 0. 0. 0. 0. 0. 0. 0. 0.  0. 0. 0. 0. 0. 0. 0. 0. 0. 0. 0. 0.],0.0,0.0,0.0,0.0,0.0,0.0,[0. 0. 0. 0. 0. 0. 0. 0. 0. 0. 0. 0. 0. 0. 0. 0. 0. 0. 0. 0. 0. 0. 0. 0.  0. 0. 0. 0. 0. 0. 0. 0. 0. 0. 0. 0.]
1742662966930968015,1742662966,930438954,odom,base_link,0.0,0.0,0.0,0.0,0.0,0.0,1.0,[0. 0. 0. 0. 0. 0. 0. 0. 0. 0. 0. 0. 0. 0. 0. 0. 0. 0. 0. 0. 0. 0. 0. 0.  0. 0. 0. 0. 0. 0. 0. 0. 0. 0. 0. 0.],0.0,0.0,0.0,0.0,0.0,0.0,[0. 0. 0. 0. 0. 0. 0. 0. 0. 0. 0. 0. 0. 0. 0. 0. 0. 0. 0. 0. 0. 0. 0. 0.  0. 0. 0. 0. 0. 0. 0. 0. 0. 0. 0. 0.]
1742662966980969450,1742662966,980474075,odom,base_link,0.0,0.0,0.0,0.0,0.0,0.0,1.0,[0. 0. 0. 0. 0. 0. 0. 0. 0. 0. 0. 0. 0. 0. 0. 0. 0. 0. 0. 0. 0. 0. 0. 0.  0. 0. 0. 0. 0. 0. 0. 0. 0. 0. 0. 0.],0.0,0.0,0.0,0.0,0.0,0.0,[0. 0. 0. 0. 0. 0. 0. 0. 0. 0. 0. 0. 0. 0. 0. 0. 0. 0. 0. 0. 0. 0. 0. 0.  0. 0. 0. 0. 0. 0. 0. 0. 0. 0. 0. 0.]
1742662967031199388,1742662967,30738309,odom,base_link,0.0,0.0,0.0,0.0,0.0,0.0,1.0,[0. 0. 0. 0. 0. 0. 0. 0. 0. 0. 0. 0. 0. 0. 0. 0. 0. 0. 0. 0. 0. 0. 0. 0.  0. 0. 0. 0. 0. 0. 0. 0. 0. 0. 0. 0.],0.0,0.0,0.0,0.0,0.0,0.0,[0. 0. 0. 0. 0. 0. 0. 0. 0. 0. 0. 0. 0. 0. 0. 0. 0. 0. 0. 0. 0. 0. 0. 0.  0. 0. 0. 0. 0. 0. 0. 0. 0. 0. 0. 0.]
1742662967083645588,1742662967,81095581,odom,base_link,0.0,0.0,0.0,0.0,0.0,0.0,1.0,[0. 0. 0. 0. 0. 0. 0. 0. 0. 0. 0. 0. 0. 0. 0. 0. 0. 0. 0. 0. 0. 0. 0. 0.  0. 0. 0. 0. 0. 0. 0. 0. 0. 0. 0. 0.],0.0,0.0,0.0,0.0,0.0,0.0,[0. 0. 0. 0. 0. 0. 0. 0. 0. 0. 0. 0. 0. 0. 0. 0. 0. 0. 0. 0. 0. 0. 0. 0.  0. 0. 0. 0. 0. 0. 0. 0. 0. 0. 0. 0.]
1742662967131101665,1742662967,130751902,odom,base_link,0.0,0.0,0.0,0.0,0.0,0.0,1.0,[0. 0. 0. 0. 0. 0. 0. 0. 0. 0. 0. 0. 0. 0. 0. 0. 0. 0. 0. 0. 0. 0. 0. 0.  0. 0. 0. 0. 0. 0. 0. 0. 0. 0. 0. 0.],0.0,0.0,0.0,0.0,0.0,0.0,[0. 0. 0. 0. 0. 0. 0. 0. 0. 0. 0. 0. 0. 0. 0. 0. 0. 0. 0. 0. 0. 0. 0. 0.  0. 0. 0. 0. 0. 0. 0. 0. 0. 0. 0. 0.]
1742662967173532766,1742662967,170933630,odom,base_link,0.0,0.0,0.0,0.0,0.0,0.0,1.0,[0. 0. 0. 0. 0. 0. 0. 0. 0. 0. 0. 0. 0. 0. 0. 0. 0. 0. 0. 0. 0. 0. 0. 0.  0. 0. 0. 0. 0. 0. 0. 0. 0. 0. 0. 0.],0.0,0.0,0.0,0.0,0.0,0.0,[0. 0. 0. 0. 0. 0. 0. 0. 0. 0. 0. 0. 0. 0. 0. 0. 0. 0. 0. 0. 0. 0. 0. 0.  0. 0. 0. 0. 0. 0. 0. 0. 0. 0. 0. 0.]
1742662967221242512,1742662967,220525950,odom,base_link,0.0,0.0,0.0,0.0,0.0,0.0,1.0,[0. 0. 0. 0. 0. 0. 0. 0. 0. 0. 0. 0. 0. 0. 0. 0. 0. 0. 0. 0. 0. 0. 0. 0.  0. 0. 0. 0. 0. 0. 0. 0. 0. 0. 0. 0.],0.0,0.0,0.0,0.0,0.0,0.0,[0. 0. 0. 0. 0. 0. 0. 0. 0. 0. 0. 0. 0. 0. 0. 0. 0. 0. 0. 0. 0. 0. 0. 0.  0. 0. 0. 0. 0. 0. 0. 0. 0. 0. 0. 0.]
1742662967270928259,1742662967,270500329,odom,base_link,0.0,0.0,0.0,0.0,0.0,0.0,1.0,[0. 0. 0. 0. 0. 0. 0. 0. 0. 0. 0. 0. 0. 0. 0. 0. 0. 0. 0. 0. 0. 0. 0. 0.  0. 0. 0. 0. 0. 0. 0. 0. 0. 0. 0. 0.],0.0,0.0,0.0,0.0,0.0,0.0,[0. 0. 0. 0. 0. 0. 0. 0. 0. 0. 0. 0. 0. 0. 0. 0. 0. 0. 0. 0. 0. 0. 0. 0.  0. 0. 0. 0. 0. 0. 0. 0. 0. 0. 0. 0.]
1742662967320822730,1742662967,320504079,odom,base_link,0.0,0.0,0.0,0.0,0.0,0.0,1.0,[0. 0. 0. 0. 0. 0. 0. 0. 0. 0. 0. 0. 0. 0. 0. 0. 0. 0. 0. 0. 0. 0. 0. 0.  0. 0. 0. 0. 0. 0. 0. 0. 0. 0. 0. 0.],0.0,0.0,0.0,0.0,0.0,0.0,[0. 0. 0. 0. 0. 0. 0. 0. 0. 0. 0. 0. 0. 0. 0. 0. 0. 0. 0. 0. 0. 0. 0. 0.  0. 0. 0. 0. 0. 0. 0. 0. 0. 0. 0. 0.]
1742662967370737572,1742662967,370441606,odom,base_link,0.0,0.0,0.0,0.0,0.0,0.0,1.0,[0. 0. 0. 0. 0. 0. 0. 0. 0. 0. 0. 0. 0. 0. 0. 0. 0. 0. 0. 0. 0. 0. 0. 0.  0. 0. 0. 0. 0. 0. 0. 0. 0. 0. 0. 0.],0.0,0.0,0.0,0.0,0.0,0.0,[0. 0. 0. 0. 0. 0. 0. 0. 0. 0. 0. 0. 0. 0. 0. 0. 0. 0. 0. 0. 0. 0. 0. 0.  0. 0. 0. 0. 0. 0. 0. 0. 0. 0. 0. 0.]
1742662967420889694,1742662967,420518209,odom,base_link,0.0,0.0,0.0,0.0,0.0,0.0,1.0,[0. 0. 0. 0. 0. 0. 0. 0. 0. 0. 0. 0. 0. 0. 0. 0. 0. 0. 0. 0. 0. 0. 0. 0.  0. 0. 0. 0. 0. 0. 0. 0. 0. 0. 0. 0.],0.0,0.0,0.0,0.0,0.0,0.0,[0. 0. 0. 0. 0. 0. 0. 0. 0. 0. 0. 0. 0. 0. 0. 0. 0. 0. 0. 0. 0. 0. 0. 0.  0. 0. 0. 0. 0. 0. 0. 0. 0. 0. 0. 0.]
1742662967470829647,1742662967,470487681,odom,base_link,0.0,0.0,0.0,0.0,0.0,0.0,1.0,[0. 0. 0. 0. 0. 0. 0. 0. 0. 0. 0. 0. 0. 0. 0. 0. 0. 0. 0. 0. 0. 0. 0. 0.  0. 0. 0. 0. 0. 0. 0. 0. 0. 0. 0. 0.],0.0,0.0,0.0,0.0,0.0,0.0,[0. 0. 0. 0. 0. 0. 0. 0. 0. 0. 0. 0. 0. 0. 0. 0. 0. 0. 0. 0. 0. 0. 0. 0.  0. 0. 0. 0. 0. 0. 0. 0. 0. 0. 0. 0.]
1742662967520788656,1742662967,520448375,odom,base_link,0.0,0.0,0.0,0.0,0.0,0.0,1.0,[0. 0. 0. 0. 0. 0. 0. 0. 0. 0. 0. 0. 0. 0. 0. 0. 0. 0. 0. 0. 0. 0. 0. 0.  0. 0. 0. 0. 0. 0. 0. 0. 0. 0. 0. 0.],0.0,0.0,0.0,0.0,0.0,0.0,[0. 0. 0. 0. 0. 0. 0. 0. 0. 0. 0. 0. 0. 0. 0. 0. 0. 0. 0. 0. 0. 0. 0. 0.  0. 0. 0. 0. 0. 0. 0. 0. 0. 0. 0. 0.]
1742662967570990685,1742662967,570675090,odom,base_link,0.0,0.0,0.0,0.0,0.0,0.0,1.0,[0. 0. 0. 0. 0. 0. 0. 0. 0. 0. 0. 0. 0. 0. 0. 0. 0. 0. 0. 0. 0. 0. 0. 0.  0. 0. 0. 0. 0. 0. 0. 0. 0. 0. 0. 0.],0.0,0.0,0.0,0.0,0.0,0.0,[0. 0. 0. 0. 0. 0. 0. 0. 0. 0. 0. 0. 0. 0. 0. 0. 0. 0. 0. 0. 0. 0. 0. 0.  0. 0. 0. 0. 0. 0. 0. 0. 0. 0. 0. 0.]
1742662967620880175,1742662967,620484690,odom,base_link,0.0,0.0,0.0,0.0,0.0,0.0,1.0,[0. 0. 0. 0. 0. 0. 0. 0. 0. 0. 0. 0. 0. 0. 0. 0. 0. 0. 0. 0. 0. 0. 0. 0.  0. 0. 0. 0. 0. 0. 0. 0. 0. 0. 0. 0.],0.0,0.0,0.0,0.0,0.0,0.0,[0. 0. 0. 0. 0. 0. 0. 0. 0. 0. 0. 0. 0. 0. 0. 0. 0. 0. 0. 0. 0. 0. 0. 0.  0. 0. 0. 0. 0. 0. 0. 0. 0. 0. 0. 0.]
1742662967670756405,1742662967,670449384,odom,base_link,0.0,0.0,0.0,0.0,0.0,0.0,1.0,[0. 0. 0. 0. 0. 0. 0. 0. 0. 0. 0. 0. 0. 0. 0. 0. 0. 0. 0. 0. 0. 0. 0. 0.  0. 0. 0. 0. 0. 0. 0. 0. 0. 0. 0. 0.],0.0,0.0,0.0,0.0,0.0,0.0,[0. 0. 0. 0. 0. 0. 0. 0. 0. 0. 0. 0. 0. 0. 0. 0. 0. 0. 0. 0. 0. 0. 0. 0.  0. 0. 0. 0. 0. 0. 0. 0. 0. 0. 0. 0.]
1742662967720843471,1742662967,720541949,odom,base_link,0.0,0.0,0.0,0.0,0.0,0.0,1.0,[0. 0. 0. 0. 0. 0. 0. 0. 0. 0. 0. 0. 0. 0. 0. 0. 0. 0. 0. 0. 0. 0. 0. 0.  0. 0. 0. 0. 0. 0. 0. 0. 0. 0. 0. 0.],0.0,0.0,0.0,0.0,0.0,0.0,[0. 0. 0. 0. 0. 0. 0. 0. 0. 0. 0. 0. 0. 0. 0. 0. 0. 0. 0. 0. 0. 0. 0. 0.  0. 0. 0. 0. 0. 0. 0. 0. 0. 0. 0. 0.]
1742662967770733627,1742662967,770426217,odom,base_link,0.0,0.0,0.0,0.0,0.0,0.0,1.0,[0. 0. 0. 0. 0. 0. 0. 0. 0. 0. 0. 0. 0. 0. 0. 0. 0. 0. 0. 0. 0. 0. 0. 0.  0. 0. 0. 0. 0. 0. 0. 0. 0. 0. 0. 0.],0.0,0.0,0.0,0.0,0.0,0.0,[0. 0. 0. 0. 0. 0. 0. 0. 0. 0. 0. 0. 0. 0. 0. 0. 0. 0. 0. 0. 0. 0. 0. 0.  0. 0. 0. 0. 0. 0. 0. 0. 0. 0. 0. 0.]
1742662967820810841,1742662967,820508949,odom,base_link,0.0,0.0,0.0,0.0,0.0,0.0,1.0,[0. 0. 0. 0. 0. 0. 0. 0. 0. 0. 0. 0. 0. 0. 0. 0. 0. 0. 0. 0. 0. 0. 0. 0.  0. 0. 0. 0. 0. 0. 0. 0. 0. 0. 0. 0.],0.0,0.0,0.0,0.0,0.0,0.0,[0. 0. 0. 0. 0. 0. 0. 0. 0. 0. 0. 0. 0. 0. 0. 0. 0. 0. 0. 0. 0. 0. 0. 0.  0. 0. 0. 0. 0. 0. 0. 0. 0. 0. 0. 0.]
1742662967870724719,1742662967,870434902,odom,base_link,0.0,0.0,0.0,0.0,0.0,0.0,1.0,[0. 0. 0. 0. 0. 0. 0. 0. 0. 0. 0. 0. 0. 0. 0. 0. 0. 0. 0. 0. 0. 0. 0. 0.  0. 0. 0. 0. 0. 0. 0. 0. 0. 0. 0. 0.],0.0,0.0,0.0,0.0,0.0,0.0,[0. 0. 0. 0. 0. 0. 0. 0. 0. 0. 0. 0. 0. 0. 0. 0. 0. 0. 0. 0. 0. 0. 0. 0.  0. 0. 0. 0. 0. 0. 0. 0. 0. 0. 0. 0.]
1742662967921311475,1742662967,920453430,odom,base_link,0.0,0.0,0.0,0.0,0.0,0.0,1.0,[0. 0. 0. 0. 0. 0. 0. 0. 0. 0. 0. 0. 0. 0. 0. 0. 0. 0. 0. 0. 0. 0. 0. 0.  0. 0. 0. 0. 0. 0. 0. 0. 0. 0. 0. 0.],0.0,0.0,0.0,0.0,0.0,0.0,[0. 0. 0. 0. 0. 0. 0. 0. 0. 0. 0. 0. 0. 0. 0. 0. 0. 0. 0. 0. 0. 0. 0. 0.  0. 0. 0. 0. 0. 0. 0. 0. 0. 0. 0. 0.]
1742662967970785016,1742662967,970491180,odom,base_link,0.0,0.0,0.0,0.0,0.0,0.0,1.0,[0. 0. 0. 0. 0. 0. 0. 0. 0. 0. 0. 0. 0. 0. 0. 0. 0. 0. 0. 0. 0. 0. 0. 0.  0. 0. 0. 0. 0. 0. 0. 0. 0. 0. 0. 0.],0.0,0.0,0.0,0.0,0.0,0.0,[0. 0. 0. 0. 0. 0. 0. 0. 0. 0. 0. 0. 0. 0. 0. 0. 0. 0. 0. 0. 0. 0. 0. 0.  0. 0. 0. 0. 0. 0. 0. 0. 0. 0. 0. 0.]
1742662968020800007,1742662968,20439300,odom,base_link,0.0,0.0,0.0,0.0,0.0,0.0,1.0,[0. 0. 0. 0. 0. 0. 0. 0. 0. 0. 0. 0. 0. 0. 0. 0. 0. 0. 0. 0. 0. 0. 0. 0.  0. 0. 0. 0. 0. 0. 0. 0. 0. 0. 0. 0.],0.0,0.0,0.0,0.0,0.0,0.0,[0. 0. 0. 0. 0. 0. 0. 0. 0. 0. 0. 0. 0. 0. 0. 0. 0. 0. 0. 0. 0. 0. 0. 0.  0. 0. 0. 0. 0. 0. 0. 0. 0. 0. 0. 0.]
1742662968070879942,1742662968,70518865,odom,base_link,0.0,0.0,0.0,0.0,0.0,0.0,1.0,[0. 0. 0. 0. 0. 0. 0. 0. 0. 0. 0. 0. 0. 0. 0. 0. 0. 0. 0. 0. 0. 0. 0. 0.  0. 0. 0. 0. 0. 0. 0. 0. 0. 0. 0. 0.],0.0,0.0,0.0,0.0,0.0,0.0,[0. 0. 0. 0. 0. 0. 0. 0. 0. 0. 0. 0. 0. 0. 0. 0. 0. 0. 0. 0. 0. 0. 0. 0.  0. 0. 0. 0. 0. 0. 0. 0. 0. 0. 0. 0.]
1742662968120722616,1742662968,120424428,odom,base_link,0.0,0.0,0.0,0.0,0.0,0.0,1.0,[0. 0. 0. 0. 0. 0. 0. 0. 0. 0. 0. 0. 0. 0. 0. 0. 0. 0. 0. 0. 0. 0. 0. 0.  0. 0. 0. 0. 0. 0. 0. 0. 0. 0. 0. 0.],0.0,0.0,0.0,0.0,0.0,0.0,[0. 0. 0. 0. 0. 0. 0. 0. 0. 0. 0. 0. 0. 0. 0. 0. 0. 0. 0. 0. 0. 0. 0. 0.  0. 0. 0. 0. 0. 0. 0. 0. 0. 0. 0. 0.]
1742662968170922331,1742662968,170517641,odom,base_link,0.0,0.0,0.0,0.0,0.0,0.0,1.0,[0. 0. 0. 0. 0. 0. 0. 0. 0. 0. 0. 0. 0. 0. 0. 0. 0. 0. 0. 0. 0. 0. 0. 0.  0. 0. 0. 0. 0. 0. 0. 0. 0. 0. 0. 0.],0.0,0.0,0.0,0.0,0.0,0.0,[0. 0. 0. 0. 0. 0. 0. 0. 0. 0. 0. 0. 0. 0. 0. 0. 0. 0. 0. 0. 0. 0. 0. 0.  0. 0. 0. 0. 0. 0. 0. 0. 0. 0. 0. 0.]
1742662968211439394,1742662968,211111780,odom,base_link,0.0,0.0,0.0,0.0,0.0,0.0,1.0,[0. 0. 0. 0. 0. 0. 0. 0. 0. 0. 0. 0. 0. 0. 0. 0. 0. 0. 0. 0. 0. 0. 0. 0.  0. 0. 0. 0. 0. 0. 0. 0. 0. 0. 0. 0.],0.0,0.0,0.0,0.0,0.0,0.0,[0. 0. 0. 0. 0. 0. 0. 0. 0. 0. 0. 0. 0. 0. 0. 0. 0. 0. 0. 0. 0. 0. 0. 0.  0. 0. 0. 0. 0. 0. 0. 0. 0. 0. 0. 0.]
1742662968260801527,1742662968,260490172,odom,base_link,0.0,0.0,0.0,0.0,0.0,0.0,1.0,[0. 0. 0. 0. 0. 0. 0. 0. 0. 0. 0. 0. 0. 0. 0. 0. 0. 0. 0. 0. 0. 0. 0. 0.  0. 0. 0. 0. 0. 0. 0. 0. 0. 0. 0. 0.],0.0,0.0,0.0,0.0,0.0,0.0,[0. 0. 0. 0. 0. 0. 0. 0. 0. 0. 0. 0. 0. 0. 0. 0. 0. 0. 0. 0. 0. 0. 0. 0.  0. 0. 0. 0. 0. 0. 0. 0. 0. 0. 0. 0.]
1742662968310859184,1742662968,310528810,odom,base_link,0.0,0.0,0.0,0.0,0.0,0.0,1.0,[0. 0. 0. 0. 0. 0. 0. 0. 0. 0. 0. 0. 0. 0. 0. 0. 0. 0. 0. 0. 0. 0. 0. 0.  0. 0. 0. 0. 0. 0. 0. 0. 0. 0. 0. 0.],0.0,0.0,0.0,0.0,0.0,0.0,[0. 0. 0. 0. 0. 0. 0. 0. 0. 0. 0. 0. 0. 0. 0. 0. 0. 0. 0. 0. 0. 0. 0. 0.  0. 0. 0. 0. 0. 0. 0. 0. 0. 0. 0. 0.]
1742662968360776340,1742662968,360490504,odom,base_link,0.0,0.0,0.0,0.0,0.0,0.0,1.0,[0. 0. 0. 0. 0. 0. 0. 0. 0. 0. 0. 0. 0. 0. 0. 0. 0. 0. 0. 0. 0. 0. 0. 0.  0. 0. 0. 0. 0. 0. 0. 0. 0. 0. 0. 0.],0.0,0.0,0.0,0.0,0.0,0.0,[0. 0. 0. 0. 0. 0. 0. 0. 0. 0. 0. 0. 0. 0. 0. 0. 0. 0. 0. 0. 0. 0. 0. 0.  0. 0. 0. 0. 0. 0. 0. 0. 0. 0. 0. 0.]
1742662968410771589,1742662968,410453883,odom,base_link,0.0,0.0,0.0,0.0,0.0,0.0,1.0,[0. 0. 0. 0. 0. 0. 0. 0. 0. 0. 0. 0. 0. 0. 0. 0. 0. 0. 0. 0. 0. 0. 0. 0.  0. 0. 0. 0. 0. 0. 0. 0. 0. 0. 0. 0.],0.0,0.0,0.0,0.0,0.0,0.0,[0. 0. 0. 0. 0. 0. 0. 0. 0. 0. 0. 0. 0. 0. 0. 0. 0. 0. 0. 0. 0. 0. 0. 0.  0. 0. 0. 0. 0. 0. 0. 0. 0. 0. 0. 0.]
1742662968461370493,1742662968,461060786,odom,base_link,0.0,0.0,0.0,0.0,0.0,0.0,1.0,[0. 0. 0. 0. 0. 0. 0. 0. 0. 0. 0. 0. 0. 0. 0. 0. 0. 0. 0. 0. 0. 0. 0. 0.  0. 0. 0. 0. 0. 0. 0. 0. 0. 0. 0. 0.],0.0,0.0,0.0,0.0,0.0,0.0,[0. 0. 0. 0. 0. 0. 0. 0. 0. 0. 0. 0. 0. 0. 0. 0. 0. 0. 0. 0. 0. 0. 0. 0.  0. 0. 0. 0. 0. 0. 0. 0. 0. 0. 0. 0.]
1742662968510731477,1742662968,510409029,odom,base_link,0.0,0.0,0.0,0.0,0.0,0.0,1.0,[0. 0. 0. 0. 0. 0. 0. 0. 0. 0. 0. 0. 0. 0. 0. 0. 0. 0. 0. 0. 0. 0. 0. 0.  0. 0. 0. 0. 0. 0. 0. 0. 0. 0. 0. 0.],0.0,0.0,0.0,0.0,0.0,0.0,[0. 0. 0. 0. 0. 0. 0. 0. 0. 0. 0. 0. 0. 0. 0. 0. 0. 0. 0. 0. 0. 0. 0. 0.  0. 0. 0. 0. 0. 0. 0. 0. 0. 0. 0. 0.]
1742662968560850542,1742662968,560435909,odom,base_link,0.0,0.0,0.0,0.0,0.0,0.0,1.0,[0. 0. 0. 0. 0. 0. 0. 0. 0. 0. 0. 0. 0. 0. 0. 0. 0. 0. 0. 0. 0. 0. 0. 0.  0. 0. 0. 0. 0. 0. 0. 0. 0. 0. 0. 0.],0.0,0.0,0.0,0.0,0.0,0.0,[0. 0. 0. 0. 0. 0. 0. 0. 0. 0. 0. 0. 0. 0. 0. 0. 0. 0. 0. 0. 0. 0. 0. 0.  0. 0. 0. 0. 0. 0. 0. 0. 0. 0. 0. 0.]
1742662968610899144,1742662968,610551789,odom,base_link,0.0,0.0,0.0,0.0,0.0,0.0,1.0,[0. 0. 0. 0. 0. 0. 0. 0. 0. 0. 0. 0. 0. 0. 0. 0. 0. 0. 0. 0. 0. 0. 0. 0.  0. 0. 0. 0. 0. 0. 0. 0. 0. 0. 0. 0.],0.0,0.0,0.0,0.0,0.0,0.0,[0. 0. 0. 0. 0. 0. 0. 0. 0. 0. 0. 0. 0. 0. 0. 0. 0. 0. 0. 0. 0. 0. 0. 0.  0. 0. 0. 0. 0. 0. 0. 0. 0. 0. 0. 0.]
1742662968660887153,1742662968,660480686,odom,base_link,0.0,0.0,0.0,0.0,0.0,0.0,1.0,[0. 0. 0. 0. 0. 0. 0. 0. 0. 0. 0. 0. 0. 0. 0. 0. 0. 0. 0. 0. 0. 0. 0. 0.  0. 0. 0. 0. 0. 0. 0. 0. 0. 0. 0. 0.],0.0,0.0,0.0,0.0,0.0,0.0,[0. 0. 0. 0. 0. 0. 0. 0. 0. 0. 0. 0. 0. 0. 0. 0. 0. 0. 0. 0. 0. 0. 0. 0.  0. 0. 0. 0. 0. 0. 0. 0. 0. 0. 0. 0.]
1742662968711007811,1742662968,710652955,odom,base_link,0.0,0.0,0.0,0.0,0.0,0.0,1.0,[0. 0. 0. 0. 0. 0. 0. 0. 0. 0. 0. 0. 0. 0. 0. 0. 0. 0. 0. 0. 0. 0. 0. 0.  0. 0. 0. 0. 0. 0. 0. 0. 0. 0. 0. 0.],0.0,0.0,0.0,0.0,0.0,0.0,[0. 0. 0. 0. 0. 0. 0. 0. 0. 0. 0. 0. 0. 0. 0. 0. 0. 0. 0. 0. 0. 0. 0. 0.  0. 0. 0. 0. 0. 0. 0. 0. 0. 0. 0. 0.]
1742662968760825077,1742662968,760454129,odom,base_link,0.0,0.0,0.0,0.0,0.0,0.0,1.0,[0. 0. 0. 0. 0. 0. 0. 0. 0. 0. 0. 0. 0. 0. 0. 0. 0. 0. 0. 0. 0. 0. 0. 0.  0. 0. 0. 0. 0. 0. 0. 0. 0. 0. 0. 0.],0.0,0.0,0.0,0.0,0.0,0.0,[0. 0. 0. 0. 0. 0. 0. 0. 0. 0. 0. 0. 0. 0. 0. 0. 0. 0. 0. 0. 0. 0. 0. 0.  0. 0. 0. 0. 0. 0. 0. 0. 0. 0. 0. 0.]
1742662968810786178,1742662968,810442619,odom,base_link,0.0,0.0,0.0,0.0,0.0,0.0,1.0,[0. 0. 0. 0. 0. 0. 0. 0. 0. 0. 0. 0. 0. 0. 0. 0. 0. 0. 0. 0. 0. 0. 0. 0.  0. 0. 0. 0. 0. 0. 0. 0. 0. 0. 0. 0.],0.0,0.0,0.0,0.0,0.0,0.0,[0. 0. 0. 0. 0. 0. 0. 0. 0. 0. 0. 0. 0. 0. 0. 0. 0. 0. 0. 0. 0. 0. 0. 0.  0. 0. 0. 0. 0. 0. 0. 0. 0. 0. 0. 0.]
1742662968860938910,1742662968,860568944,odom,base_link,0.0,0.0,0.0,0.0,0.0,0.0,1.0,[0. 0. 0. 0. 0. 0. 0. 0. 0. 0. 0. 0. 0. 0. 0. 0. 0. 0. 0. 0. 0. 0. 0. 0.  0. 0. 0. 0. 0. 0. 0. 0. 0. 0. 0. 0.],0.0,0.0,0.0,0.0,0.0,0.0,[0. 0. 0. 0. 0. 0. 0. 0. 0. 0. 0. 0. 0. 0. 0. 0. 0. 0. 0. 0. 0. 0. 0. 0.  0. 0. 0. 0. 0. 0. 0. 0. 0. 0. 0. 0.]
1742662968910797251,1742662968,910418803,odom,base_link,0.0,0.0,0.0,0.0,0.0,0.0,1.0,[0. 0. 0. 0. 0. 0. 0. 0. 0. 0. 0. 0. 0. 0. 0. 0. 0. 0. 0. 0. 0. 0. 0. 0.  0. 0. 0. 0. 0. 0. 0. 0. 0. 0. 0. 0.],0.0,0.0,0.0,0.0,0.0,0.0,[0. 0. 0. 0. 0. 0. 0. 0. 0. 0. 0. 0. 0. 0. 0. 0. 0. 0. 0. 0. 0. 0. 0. 0.  0. 0. 0. 0. 0. 0. 0. 0. 0. 0. 0. 0.]
1742662968961063096,1742662968,960685999,odom,base_link,0.0,0.0,0.0,0.0,0.0,0.0,1.0,[0. 0. 0. 0. 0. 0. 0. 0. 0. 0. 0. 0. 0. 0. 0. 0. 0. 0. 0. 0. 0. 0. 0. 0.  0. 0. 0. 0. 0. 0. 0. 0. 0. 0. 0. 0.],0.0,0.0,0.0,0.0,0.0,0.0,[0. 0. 0. 0. 0. 0. 0. 0. 0. 0. 0. 0. 0. 0. 0. 0. 0. 0. 0. 0. 0. 0. 0. 0.  0. 0. 0. 0. 0. 0. 0. 0. 0. 0. 0. 0.]
1742662969010759842,1742662969,10419154,odom,base_link,0.0,0.0,0.0,0.0,0.0,0.0,1.0,[0. 0. 0. 0. 0. 0. 0. 0. 0. 0. 0. 0. 0. 0. 0. 0. 0. 0. 0. 0. 0. 0. 0. 0.  0. 0. 0. 0. 0. 0. 0. 0. 0. 0. 0. 0.],0.0,0.0,0.0,0.0,0.0,0.0,[0. 0. 0. 0. 0. 0. 0. 0. 0. 0. 0. 0. 0. 0. 0. 0. 0. 0. 0. 0. 0. 0. 0. 0.  0. 0. 0. 0. 0. 0. 0. 0. 0. 0. 0. 0.]
1742662969060809999,1742662969,60460070,odom,base_link,0.0,0.0,0.0,0.0,0.0,0.0,1.0,[0. 0. 0. 0. 0. 0. 0. 0. 0. 0. 0. 0. 0. 0. 0. 0. 0. 0. 0. 0. 0. 0. 0. 0.  0. 0. 0. 0. 0. 0. 0. 0. 0. 0. 0. 0.],0.0,0.0,0.0,0.0,0.0,0.0,[0. 0. 0. 0. 0. 0. 0. 0. 0. 0. 0. 0. 0. 0. 0. 0. 0. 0. 0. 0. 0. 0. 0. 0.  0. 0. 0. 0. 0. 0. 0. 0. 0. 0. 0. 0.]
1742662969101341470,1742662969,100782279,odom,base_link,0.0,0.0,0.0,0.0,0.0,0.0,1.0,[0. 0. 0. 0. 0. 0. 0. 0. 0. 0. 0. 0. 0. 0. 0. 0. 0. 0. 0. 0. 0. 0. 0. 0.  0. 0. 0. 0. 0. 0. 0. 0. 0. 0. 0. 0.],0.0,0.0,0.0,0.0,0.0,0.0,[0. 0. 0. 0. 0. 0. 0. 0. 0. 0. 0. 0. 0. 0. 0. 0. 0. 0. 0. 0. 0. 0. 0. 0.  0. 0. 0. 0. 0. 0. 0. 0. 0. 0. 0. 0.]
1742662969150950734,1742662969,150441969,odom,base_link,0.0,0.0,0.0,0.0,0.0,0.0,1.0,[0. 0. 0. 0. 0. 0. 0. 0. 0. 0. 0. 0. 0. 0. 0. 0. 0. 0. 0. 0. 0. 0. 0. 0.  0. 0. 0. 0. 0. 0. 0. 0. 0. 0. 0. 0.],0.0,0.0,0.0,0.0,0.0,0.0,[0. 0. 0. 0. 0. 0. 0. 0. 0. 0. 0. 0. 0. 0. 0. 0. 0. 0. 0. 0. 0. 0. 0. 0.  0. 0. 0. 0. 0. 0. 0. 0. 0. 0. 0. 0.]
1742662969200748166,1742662969,200394125,odom,base_link,0.0,0.0,0.0,0.0,0.0,0.0,1.0,[0. 0. 0. 0. 0. 0. 0. 0. 0. 0. 0. 0. 0. 0. 0. 0. 0. 0. 0. 0. 0. 0. 0. 0.  0. 0. 0. 0. 0. 0. 0. 0. 0. 0. 0. 0.],0.0,0.0,0.0,0.0,0.0,0.0,[0. 0. 0. 0. 0. 0. 0. 0. 0. 0. 0. 0. 0. 0. 0. 0. 0. 0. 0. 0. 0. 0. 0. 0.  0. 0. 0. 0. 0. 0. 0. 0. 0. 0. 0. 0.]
1742662969250804138,1742662969,250459301,odom,base_link,0.0,0.0,0.0,0.0,0.0,0.0,1.0,[0. 0. 0. 0. 0. 0. 0. 0. 0. 0. 0. 0. 0. 0. 0. 0. 0. 0. 0. 0. 0. 0. 0. 0.  0. 0. 0. 0. 0. 0. 0. 0. 0. 0. 0. 0.],0.0,0.0,0.0,0.0,0.0,0.0,[0. 0. 0. 0. 0. 0. 0. 0. 0. 0. 0. 0. 0. 0. 0. 0. 0. 0. 0. 0. 0. 0. 0. 0.  0. 0. 0. 0. 0. 0. 0. 0. 0. 0. 0. 0.]
1742662969300765664,1742662969,300411883,odom,base_link,0.0,0.0,0.0,0.0,0.0,0.0,1.0,[0. 0. 0. 0. 0. 0. 0. 0. 0. 0. 0. 0. 0. 0. 0. 0. 0. 0. 0. 0. 0. 0. 0. 0.  0. 0. 0. 0. 0. 0. 0. 0. 0. 0. 0. 0.],0.0,0.0,0.0,0.0,0.0,0.0,[0. 0. 0. 0. 0. 0. 0. 0. 0. 0. 0. 0. 0. 0. 0. 0. 0. 0. 0. 0. 0. 0. 0. 0.  0. 0. 0. 0. 0. 0. 0. 0. 0. 0. 0. 0.]
1742662969351388734,1742662969,350912062,odom,base_link,0.0,0.0,0.0,0.0,0.0,0.0,1.0,[0. 0. 0. 0. 0. 0. 0. 0. 0. 0. 0. 0. 0. 0. 0. 0. 0. 0. 0. 0. 0. 0. 0. 0.  0. 0. 0. 0. 0. 0. 0. 0. 0. 0. 0. 0.],0.0,0.0,0.0,0.0,0.0,0.0,[0. 0. 0. 0. 0. 0. 0. 0. 0. 0. 0. 0. 0. 0. 0. 0. 0. 0. 0. 0. 0. 0. 0. 0.  0. 0. 0. 0. 0. 0. 0. 0. 0. 0. 0. 0.]
1742662969400789755,1742662969,400436973,odom,base_link,0.0,0.0,0.0,0.0,0.0,0.0,1.0,[0. 0. 0. 0. 0. 0. 0. 0. 0. 0. 0. 0. 0. 0. 0. 0. 0. 0. 0. 0. 0. 0. 0. 0.  0. 0. 0. 0. 0. 0. 0. 0. 0. 0. 0. 0.],0.0,0.0,0.0,0.0,0.0,0.0,[0. 0. 0. 0. 0. 0. 0. 0. 0. 0. 0. 0. 0. 0. 0. 0. 0. 0. 0. 0. 0. 0. 0. 0.  0. 0. 0. 0. 0. 0. 0. 0. 0. 0. 0. 0.]
1742662969450816319,1742662969,450384648,odom,base_link,0.0,0.0,0.0,0.0,0.0,0.0,1.0,[0. 0. 0. 0. 0. 0. 0. 0. 0. 0. 0. 0. 0. 0. 0. 0. 0. 0. 0. 0. 0. 0. 0. 0.  0. 0. 0. 0. 0. 0. 0. 0. 0. 0. 0. 0.],0.0,0.0,0.0,0.0,0.0,0.0,[0. 0. 0. 0. 0. 0. 0. 0. 0. 0. 0. 0. 0. 0. 0. 0. 0. 0. 0. 0. 0. 0. 0. 0.  0. 0. 0. 0. 0. 0. 0. 0. 0. 0. 0. 0.]
1742662969500780586,1742662969,500481268,odom,base_link,0.0,0.0,0.0,0.0,0.0,0.0,1.0,[0. 0. 0. 0. 0. 0. 0. 0. 0. 0. 0. 0. 0. 0. 0. 0. 0. 0. 0. 0. 0. 0. 0. 0.  0. 0. 0. 0. 0. 0. 0. 0. 0. 0. 0. 0.],0.0,0.0,0.0,0.0,0.0,0.0,[0. 0. 0. 0. 0. 0. 0. 0. 0. 0. 0. 0. 0. 0. 0. 0. 0. 0. 0. 0. 0. 0. 0. 0.  0. 0. 0. 0. 0. 0. 0. 0. 0. 0. 0. 0.]
1742662969550854965,1742662969,550477647,odom,base_link,0.0,0.0,0.0,0.0,0.0,0.0,1.0,[0. 0. 0. 0. 0. 0. 0. 0. 0. 0. 0. 0. 0. 0. 0. 0. 0. 0. 0. 0. 0. 0. 0. 0.  0. 0. 0. 0. 0. 0. 0. 0. 0. 0. 0. 0.],0.0,0.0,0.0,0.0,0.0,0.0,[0. 0. 0. 0. 0. 0. 0. 0. 0. 0. 0. 0. 0. 0. 0. 0. 0. 0. 0. 0. 0. 0. 0. 0.  0. 0. 0. 0. 0. 0. 0. 0. 0. 0. 0. 0.]
1742662969601432924,1742662969,600866011,odom,base_link,0.0,0.0,0.0,0.0,0.0,0.0,1.0,[0. 0. 0. 0. 0. 0. 0. 0. 0. 0. 0. 0. 0. 0. 0. 0. 0. 0. 0. 0. 0. 0. 0. 0.  0. 0. 0. 0. 0. 0. 0. 0. 0. 0. 0. 0.],0.0,0.0,0.0,0.0,0.0,0.0,[0. 0. 0. 0. 0. 0. 0. 0. 0. 0. 0. 0. 0. 0. 0. 0. 0. 0. 0. 0. 0. 0. 0. 0.  0. 0. 0. 0. 0. 0. 0. 0. 0. 0. 0. 0.]
1742662969650734055,1742662969,650449737,odom,base_link,0.0,0.0,0.0,0.0,0.0,0.0,1.0,[0. 0. 0. 0. 0. 0. 0. 0. 0. 0. 0. 0. 0. 0. 0. 0. 0. 0. 0. 0. 0. 0. 0. 0.  0. 0. 0. 0. 0. 0. 0. 0. 0. 0. 0. 0.],0.0,0.0,0.0,0.0,0.0,0.0,[0. 0. 0. 0. 0. 0. 0. 0. 0. 0. 0. 0. 0. 0. 0. 0. 0. 0. 0. 0. 0. 0. 0. 0.  0. 0. 0. 0. 0. 0. 0. 0. 0. 0. 0. 0.]
1742662969701035307,1742662969,700431152,odom,base_link,0.0,0.0,0.0,0.0,0.0,0.0,1.0,[0. 0. 0. 0. 0. 0. 0. 0. 0. 0. 0. 0. 0. 0. 0. 0. 0. 0. 0. 0. 0. 0. 0. 0.  0. 0. 0. 0. 0. 0. 0. 0. 0. 0. 0. 0.],0.0,0.0,0.0,0.0,0.0,0.0,[0. 0. 0. 0. 0. 0. 0. 0. 0. 0. 0. 0. 0. 0. 0. 0. 0. 0. 0. 0. 0. 0. 0. 0.  0. 0. 0. 0. 0. 0. 0. 0. 0. 0. 0. 0.]
1742662969750796349,1742662969,750497143,odom,base_link,0.0,0.0,0.0,0.0,0.0,0.0,1.0,[0. 0. 0. 0. 0. 0. 0. 0. 0. 0. 0. 0. 0. 0. 0. 0. 0. 0. 0. 0. 0. 0. 0. 0.  0. 0. 0. 0. 0. 0. 0. 0. 0. 0. 0. 0.],0.0,0.0,0.0,0.0,0.0,0.0,[0. 0. 0. 0. 0. 0. 0. 0. 0. 0. 0. 0. 0. 0. 0. 0. 0. 0. 0. 0. 0. 0. 0. 0.  0. 0. 0. 0. 0. 0. 0. 0. 0. 0. 0. 0.]
1742662969800779135,1742662969,800418150,odom,base_link,0.0,0.0,0.0,0.0,0.0,0.0,1.0,[0. 0. 0. 0. 0. 0. 0. 0. 0. 0. 0. 0. 0. 0. 0. 0. 0. 0. 0. 0. 0. 0. 0. 0.  0. 0. 0. 0. 0. 0. 0. 0. 0. 0. 0. 0.],0.0,0.0,0.0,0.0,0.0,0.0,[0. 0. 0. 0. 0. 0. 0. 0. 0. 0. 0. 0. 0. 0. 0. 0. 0. 0. 0. 0. 0. 0. 0. 0.  0. 0. 0. 0. 0. 0. 0. 0. 0. 0. 0. 0.]
1742662969851270945,1742662969,850769236,odom,base_link,0.0,0.0,0.0,0.0,0.0,0.0,1.0,[0. 0. 0. 0. 0. 0. 0. 0. 0. 0. 0. 0. 0. 0. 0. 0. 0. 0. 0. 0. 0. 0. 0. 0.  0. 0. 0. 0. 0. 0. 0. 0. 0. 0. 0. 0.],0.0,0.0,0.0,0.0,0.0,0.0,[0. 0. 0. 0. 0. 0. 0. 0. 0. 0. 0. 0. 0. 0. 0. 0. 0. 0. 0. 0. 0. 0. 0. 0.  0. 0. 0. 0. 0. 0. 0. 0. 0. 0. 0. 0.]
1742662969900780041,1742662969,900436482,odom,base_link,0.0,0.0,0.0,0.0,0.0,0.0,1.0,[0. 0. 0. 0. 0. 0. 0. 0. 0. 0. 0. 0. 0. 0. 0. 0. 0. 0. 0. 0. 0. 0. 0. 0.  0. 0. 0. 0. 0. 0. 0. 0. 0. 0. 0. 0.],0.0,0.0,0.0,0.0,0.0,0.0,[0. 0. 0. 0. 0. 0. 0. 0. 0. 0. 0. 0. 0. 0. 0. 0. 0. 0. 0. 0. 0. 0. 0. 0.  0. 0. 0. 0. 0. 0. 0. 0. 0. 0. 0. 0.]
1742662969950837346,1742662969,950488472,odom,base_link,0.0,0.0,0.0,0.0,0.0,0.0,1.0,[0. 0. 0. 0. 0. 0. 0. 0. 0. 0. 0. 0. 0. 0. 0. 0. 0. 0. 0. 0. 0. 0. 0. 0.  0. 0. 0. 0. 0. 0. 0. 0. 0. 0. 0. 0.],0.0,0.0,0.0,0.0,0.0,0.0,[0. 0. 0. 0. 0. 0. 0. 0. 0. 0. 0. 0. 0. 0. 0. 0. 0. 0. 0. 0. 0. 0. 0. 0.  0. 0. 0. 0. 0. 0. 0. 0. 0. 0. 0. 0.]
1742662970000895429,1742662970,529166,odom,base_link,0.0,0.0,0.0,0.0,0.0,0.0,1.0,[0. 0. 0. 0. 0. 0. 0. 0. 0. 0. 0. 0. 0. 0. 0. 0. 0. 0. 0. 0. 0. 0. 0. 0.  0. 0. 0. 0. 0. 0. 0. 0. 0. 0. 0. 0.],0.0,0.0,0.0,0.0,0.0,0.0,[0. 0. 0. 0. 0. 0. 0. 0. 0. 0. 0. 0. 0. 0. 0. 0. 0. 0. 0. 0. 0. 0. 0. 0.  0. 0. 0. 0. 0. 0. 0. 0. 0. 0. 0. 0.]
1742662970040791208,1742662970,40484946,odom,base_link,0.0,0.0,0.0,0.0,0.0,0.0,1.0,[0. 0. 0. 0. 0. 0. 0. 0. 0. 0. 0. 0. 0. 0. 0. 0. 0. 0. 0. 0. 0. 0. 0. 0.  0. 0. 0. 0. 0. 0. 0. 0. 0. 0. 0. 0.],0.0,0.0,0.0,0.0,0.0,0.0,[0. 0. 0. 0. 0. 0. 0. 0. 0. 0. 0. 0. 0. 0. 0. 0. 0. 0. 0. 0. 0. 0. 0. 0.  0. 0. 0. 0. 0. 0. 0. 0. 0. 0. 0. 0.]
1742662970090843161,1742662970,90533343,odom,base_link,0.0,0.0,0.0,0.0,0.0,0.0,1.0,[0. 0. 0. 0. 0. 0. 0. 0. 0. 0. 0. 0. 0. 0. 0. 0. 0. 0. 0. 0. 0. 0. 0. 0.  0. 0. 0. 0. 0. 0. 0. 0. 0. 0. 0. 0.],0.0,0.0,0.0,0.0,0.0,0.0,[0. 0. 0. 0. 0. 0. 0. 0. 0. 0. 0. 0. 0. 0. 0. 0. 0. 0. 0. 0. 0. 0. 0. 0.  0. 0. 0. 0. 0. 0. 0. 0. 0. 0. 0. 0.]
1742662970140808557,1742662970,140499480,odom,base_link,0.0,0.0,0.0,0.0,0.0,0.0,1.0,[0. 0. 0. 0. 0. 0. 0. 0. 0. 0. 0. 0. 0. 0. 0. 0. 0. 0. 0. 0. 0. 0. 0. 0.  0. 0. 0. 0. 0. 0. 0. 0. 0. 0. 0. 0.],0.0,0.0,0.0,0.0,0.0,0.0,[0. 0. 0. 0. 0. 0. 0. 0. 0. 0. 0. 0. 0. 0. 0. 0. 0. 0. 0. 0. 0. 0. 0. 0.  0. 0. 0. 0. 0. 0. 0. 0. 0. 0. 0. 0.]
1742662970190857213,1742662970,190557081,odom,base_link,0.0,0.0,0.0,0.0,0.0,0.0,1.0,[0. 0. 0. 0. 0. 0. 0. 0. 0. 0. 0. 0. 0. 0. 0. 0. 0. 0. 0. 0. 0. 0. 0. 0.  0. 0. 0. 0. 0. 0. 0. 0. 0. 0. 0. 0.],0.0,0.0,0.0,0.0,0.0,0.0,[0. 0. 0. 0. 0. 0. 0. 0. 0. 0. 0. 0. 0. 0. 0. 0. 0. 0. 0. 0. 0. 0. 0. 0.  0. 0. 0. 0. 0. 0. 0. 0. 0. 0. 0. 0.]
1742662970240728479,1742662970,240437254,odom,base_link,0.0,0.0,0.0,0.0,0.0,0.0,1.0,[0. 0. 0. 0. 0. 0. 0. 0. 0. 0. 0. 0. 0. 0. 0. 0. 0. 0. 0. 0. 0. 0. 0. 0.  0. 0. 0. 0. 0. 0. 0. 0. 0. 0. 0. 0.],0.0,0.0,0.0,0.0,0.0,0.0,[0. 0. 0. 0. 0. 0. 0. 0. 0. 0. 0. 0. 0. 0. 0. 0. 0. 0. 0. 0. 0. 0. 0. 0.  0. 0. 0. 0. 0. 0. 0. 0. 0. 0. 0. 0.]
1742662970290846636,1742662970,290541818,odom,base_link,0.0,0.0,0.0,0.0,0.0,0.0,1.0,[0. 0. 0. 0. 0. 0. 0. 0. 0. 0. 0. 0. 0. 0. 0. 0. 0. 0. 0. 0. 0. 0. 0. 0.  0. 0. 0. 0. 0. 0. 0. 0. 0. 0. 0. 0.],0.0,0.0,0.0,0.0,0.0,0.0,[0. 0. 0. 0. 0. 0. 0. 0. 0. 0. 0. 0. 0. 0. 0. 0. 0. 0. 0. 0. 0. 0. 0. 0.  0. 0. 0. 0. 0. 0. 0. 0. 0. 0. 0. 0.]
1742662970340711568,1742662970,340416140,odom,base_link,0.0,0.0,0.0,0.0,0.0,0.0,1.0,[0. 0. 0. 0. 0. 0. 0. 0. 0. 0. 0. 0. 0. 0. 0. 0. 0. 0. 0. 0. 0. 0. 0. 0.  0. 0. 0. 0. 0. 0. 0. 0. 0. 0. 0. 0.],0.0,0.0,0.0,0.0,0.0,0.0,[0. 0. 0. 0. 0. 0. 0. 0. 0. 0. 0. 0. 0. 0. 0. 0. 0. 0. 0. 0. 0. 0. 0. 0.  0. 0. 0. 0. 0. 0. 0. 0. 0. 0. 0. 0.]
1742662970390928893,1742662970,390549500,odom,base_link,0.0,0.0,0.0,0.0,0.0,0.0,1.0,[0. 0. 0. 0. 0. 0. 0. 0. 0. 0. 0. 0. 0. 0. 0. 0. 0. 0. 0. 0. 0. 0. 0. 0.  0. 0. 0. 0. 0. 0. 0. 0. 0. 0. 0. 0.],0.0,0.0,0.0,0.0,0.0,0.0,[0. 0. 0. 0. 0. 0. 0. 0. 0. 0. 0. 0. 0. 0. 0. 0. 0. 0. 0. 0. 0. 0. 0. 0.  0. 0. 0. 0. 0. 0. 0. 0. 0. 0. 0. 0.]
1742662970440728103,1742662970,440438507,odom,base_link,0.0,0.0,0.0,0.0,0.0,0.0,1.0,[0. 0. 0. 0. 0. 0. 0. 0. 0. 0. 0. 0. 0. 0. 0. 0. 0. 0. 0. 0. 0. 0. 0. 0.  0. 0. 0. 0. 0. 0. 0. 0. 0. 0. 0. 0.],0.0,0.0,0.0,0.0,0.0,0.0,[0. 0. 0. 0. 0. 0. 0. 0. 0. 0. 0. 0. 0. 0. 0. 0. 0. 0. 0. 0. 0. 0. 0. 0.  0. 0. 0. 0. 0. 0. 0. 0. 0. 0. 0. 0.]
1742662970491408006,1742662970,491087540,odom,base_link,0.0,0.0,0.0,0.0,0.0,0.0,1.0,[0. 0. 0. 0. 0. 0. 0. 0. 0. 0. 0. 0. 0. 0. 0. 0. 0. 0. 0. 0. 0. 0. 0. 0.  0. 0. 0. 0. 0. 0. 0. 0. 0. 0. 0. 0.],0.0,0.0,0.0,0.0,0.0,0.0,[0. 0. 0. 0. 0. 0. 0. 0. 0. 0. 0. 0. 0. 0. 0. 0. 0. 0. 0. 0. 0. 0. 0. 0.  0. 0. 0. 0. 0. 0. 0. 0. 0. 0. 0. 0.]
1742662970540843101,1742662970,540471504,odom,base_link,0.0,0.0,0.0,0.0,0.0,0.0,1.0,[0. 0. 0. 0. 0. 0. 0. 0. 0. 0. 0. 0. 0. 0. 0. 0. 0. 0. 0. 0. 0. 0. 0. 0.  0. 0. 0. 0. 0. 0. 0. 0. 0. 0. 0. 0.],0.0,0.0,0.0,0.0,0.0,0.0,[0. 0. 0. 0. 0. 0. 0. 0. 0. 0. 0. 0. 0. 0. 0. 0. 0. 0. 0. 0. 0. 0. 0. 0.  0. 0. 0. 0. 0. 0. 0. 0. 0. 0. 0. 0.]
1742662970591019221,1742662970,590439512,odom,base_link,0.0,0.0,0.0,0.0,0.0,0.0,1.0,[0. 0. 0. 0. 0. 0. 0. 0. 0. 0. 0. 0. 0. 0. 0. 0. 0. 0. 0. 0. 0. 0. 0. 0.  0. 0. 0. 0. 0. 0. 0. 0. 0. 0. 0. 0.],0.0,0.0,0.0,0.0,0.0,0.0,[0. 0. 0. 0. 0. 0. 0. 0. 0. 0. 0. 0. 0. 0. 0. 0. 0. 0. 0. 0. 0. 0. 0. 0.  0. 0. 0. 0. 0. 0. 0. 0. 0. 0. 0. 0.]
1742662970640850412,1742662970,640537928,odom,base_link,0.0,0.0,0.0,0.0,0.0,0.0,1.0,[0. 0. 0. 0. 0. 0. 0. 0. 0. 0. 0. 0. 0. 0. 0. 0. 0. 0. 0. 0. 0. 0. 0. 0.  0. 0. 0. 0. 0. 0. 0. 0. 0. 0. 0. 0.],0.0,0.0,0.0,0.0,0.0,0.0,[0. 0. 0. 0. 0. 0. 0. 0. 0. 0. 0. 0. 0. 0. 0. 0. 0. 0. 0. 0. 0. 0. 0. 0.  0. 0. 0. 0. 0. 0. 0. 0. 0. 0. 0. 0.]
1742662970691157145,1742662970,690496824,odom,base_link,0.0,0.0,0.0,0.0,0.0,0.0,1.0,[0. 0. 0. 0. 0. 0. 0. 0. 0. 0. 0. 0. 0. 0. 0. 0. 0. 0. 0. 0. 0. 0. 0. 0.  0. 0. 0. 0. 0. 0. 0. 0. 0. 0. 0. 0.],0.0,0.0,0.0,0.0,0.0,0.0,[0. 0. 0. 0. 0. 0. 0. 0. 0. 0. 0. 0. 0. 0. 0. 0. 0. 0. 0. 0. 0. 0. 0. 0.  0. 0. 0. 0. 0. 0. 0. 0. 0. 0. 0. 0.]
1742662970740731297,1742662970,740427794,odom,base_link,0.0,0.0,0.0,0.0,0.0,0.0,1.0,[0. 0. 0. 0. 0. 0. 0. 0. 0. 0. 0. 0. 0. 0. 0. 0. 0. 0. 0. 0. 0. 0. 0. 0.  0. 0. 0. 0. 0. 0. 0. 0. 0. 0. 0. 0.],0.0,0.0,0.0,0.0,0.0,0.0,[0. 0. 0. 0. 0. 0. 0. 0. 0. 0. 0. 0. 0. 0. 0. 0. 0. 0. 0. 0. 0. 0. 0. 0.  0. 0. 0. 0. 0. 0. 0. 0. 0. 0. 0. 0.]
1742662970790794657,1742662970,790497617,odom,base_link,0.0,0.0,0.0,0.0,0.0,0.0,1.0,[0. 0. 0. 0. 0. 0. 0. 0. 0. 0. 0. 0. 0. 0. 0. 0. 0. 0. 0. 0. 0. 0. 0. 0.  0. 0. 0. 0. 0. 0. 0. 0. 0. 0. 0. 0.],0.0,0.0,0.0,0.0,0.0,0.0,[0. 0. 0. 0. 0. 0. 0. 0. 0. 0. 0. 0. 0. 0. 0. 0. 0. 0. 0. 0. 0. 0. 0. 0.  0. 0. 0. 0. 0. 0. 0. 0. 0. 0. 0. 0.]
1742662970840779387,1742662970,840425884,odom,base_link,0.0,0.0,0.0,0.0,0.0,0.0,1.0,[0. 0. 0. 0. 0. 0. 0. 0. 0. 0. 0. 0. 0. 0. 0. 0. 0. 0. 0. 0. 0. 0. 0. 0.  0. 0. 0. 0. 0. 0. 0. 0. 0. 0. 0. 0.],0.0,0.0,0.0,0.0,0.0,0.0,[0. 0. 0. 0. 0. 0. 0. 0. 0. 0. 0. 0. 0. 0. 0. 0. 0. 0. 0. 0. 0. 0. 0. 0.  0. 0. 0. 0. 0. 0. 0. 0. 0. 0. 0. 0.]
1742662970891191343,1742662970,890490929,odom,base_link,0.0,0.0,0.0,0.0,0.0,0.0,1.0,[0. 0. 0. 0. 0. 0. 0. 0. 0. 0. 0. 0. 0. 0. 0. 0. 0. 0. 0. 0. 0. 0. 0. 0.  0. 0. 0. 0. 0. 0. 0. 0. 0. 0. 0. 0.],0.0,0.0,0.0,0.0,0.0,0.0,[0. 0. 0. 0. 0. 0. 0. 0. 0. 0. 0. 0. 0. 0. 0. 0. 0. 0. 0. 0. 0. 0. 0. 0.  0. 0. 0. 0. 0. 0. 0. 0. 0. 0. 0. 0.]
1742662970940785181,1742662970,940481178,odom,base_link,0.0,0.0,0.0,0.0,0.0,0.0,1.0,[0. 0. 0. 0. 0. 0. 0. 0. 0. 0. 0. 0. 0. 0. 0. 0. 0. 0. 0. 0. 0. 0. 0. 0.  0. 0. 0. 0. 0. 0. 0. 0. 0. 0. 0. 0.],0.0,0.0,0.0,0.0,0.0,0.0,[0. 0. 0. 0. 0. 0. 0. 0. 0. 0. 0. 0. 0. 0. 0. 0. 0. 0. 0. 0. 0. 0. 0. 0.  0. 0. 0. 0. 0. 0. 0. 0. 0. 0. 0. 0.]
1742662970980812665,1742662970,980480810,odom,base_link,0.0,0.0,0.0,0.0,0.0,0.0,1.0,[0. 0. 0. 0. 0. 0. 0. 0. 0. 0. 0. 0. 0. 0. 0. 0. 0. 0. 0. 0. 0. 0. 0. 0.  0. 0. 0. 0. 0. 0. 0. 0. 0. 0. 0. 0.],0.0,0.0,0.0,0.0,0.0,0.0,[0. 0. 0. 0. 0. 0. 0. 0. 0. 0. 0. 0. 0. 0. 0. 0. 0. 0. 0. 0. 0. 0. 0. 0.  0. 0. 0. 0. 0. 0. 0. 0. 0. 0. 0. 0.]
1742662971031070693,1742662971,30737023,odom,base_link,0.0,0.0,0.0,0.0,0.0,0.0,1.0,[0. 0. 0. 0. 0. 0. 0. 0. 0. 0. 0. 0. 0. 0. 0. 0. 0. 0. 0. 0. 0. 0. 0. 0.  0. 0. 0. 0. 0. 0. 0. 0. 0. 0. 0. 0.],0.0,0.0,0.0,0.0,0.0,0.0,[0. 0. 0. 0. 0. 0. 0. 0. 0. 0. 0. 0. 0. 0. 0. 0. 0. 0. 0. 0. 0. 0. 0. 0.  0. 0. 0. 0. 0. 0. 0. 0. 0. 0. 0. 0.]
1742662971080794031,1742662971,80491380,odom,base_link,0.0,0.0,0.0,0.0,0.0,0.0,1.0,[0. 0. 0. 0. 0. 0. 0. 0. 0. 0. 0. 0. 0. 0. 0. 0. 0. 0. 0. 0. 0. 0. 0. 0.  0. 0. 0. 0. 0. 0. 0. 0. 0. 0. 0. 0.],0.0,0.0,0.0,0.0,0.0,0.0,[0. 0. 0. 0. 0. 0. 0. 0. 0. 0. 0. 0. 0. 0. 0. 0. 0. 0. 0. 0. 0. 0. 0. 0.  0. 0. 0. 0. 0. 0. 0. 0. 0. 0. 0. 0.]
