timestamp,transforms
1742662962443105810,"[geometry_msgs.msg.TransformStamped(header=std_msgs.msg.Header(stamp=builtin_interfaces.msg.Time(sec=1742662962, nanosec=420603902), frame_id='odom'), child_frame_id='base_link', transform=geometry_msgs.msg.Transform(translation=geometry_msgs.msg.Vector3(x=0.0, y=0.0, z=0.0), rotation=geometry_msgs.msg.Quaternion(x=0.0, y=0.0, z=0.0, w=1.0)))]"
1742662962476307600,"[geometry_msgs.msg.TransformStamped(header=std_msgs.msg.Header(stamp=builtin_interfaces.msg.Time(sec=1742662962, nanosec=470497413), frame_id='odom'), child_frame_id='base_link', transform=geometry_msgs.msg.Transform(translation=geometry_msgs.msg.Vector3(x=0.0, y=0.0, z=0.0), rotation=geometry_msgs.msg.Quaternion(x=0.0, y=0.0, z=0.0, w=1.0)))]"
1742662962543057666,"[geometry_msgs.msg.TransformStamped(header=std_msgs.msg.Header(stamp=builtin_interfaces.msg.Time(sec=1742662962, nanosec=520489295), frame_id='odom'), child_frame_id='base_link', transform=geometry_msgs.msg.Transform(translation=geometry_msgs.msg.Vector3(x=0.0, y=0.0, z=0.0), rotation=geometry_msgs.msg.Quaternion(x=0.0, y=0.0, z=0.0, w=1.0)))]"
1742662962576341198,"[geometry_msgs.msg.TransformStamped(header=std_msgs.msg.Header(stamp=builtin_interfaces.msg.Time(sec=1742662962, nanosec=570933774), frame_id='odom'), child_frame_id='base_link', transform=geometry_msgs.msg.Transform(translation=geometry_msgs.msg.Vector3(x=0.0, y=0.0, z=0.0), rotation=geometry_msgs.msg.Quaternion(x=0.0, y=0.0, z=0.0, w=1.0)))]"
1742662962643048504,"[geometry_msgs.msg.TransformStamped(header=std_msgs.msg.Header(stamp=builtin_interfaces.msg.Time(sec=1742662962, nanosec=620472244), frame_id='odom'), child_frame_id='base_link', transform=geometry_msgs.msg.Transform(translation=geometry_msgs.msg.Vector3(x=0.0, y=0.0, z=0.0), rotation=geometry_msgs.msg.Quaternion(x=0.0, y=0.0, z=0.0, w=1.0)))]"
1742662962676460833,"[geometry_msgs.msg.TransformStamped(header=std_msgs.msg.Header(stamp=builtin_interfaces.msg.Time(sec=1742662962, nanosec=670762777), frame_id='odom'), child_frame_id='base_link', transform=geometry_msgs.msg.Transform(translation=geometry_msgs.msg.Vector3(x=0.0, y=0.0, z=0.0), rotation=geometry_msgs.msg.Quaternion(x=0.0, y=0.0, z=0.0, w=1.0)))]"
1742662962742944489,"[geometry_msgs.msg.TransformStamped(header=std_msgs.msg.Header(stamp=builtin_interfaces.msg.Time(sec=1742662962, nanosec=720503675), frame_id='odom'), child_frame_id='base_link', transform=geometry_msgs.msg.Transform(translation=geometry_msgs.msg.Vector3(x=0.0, y=0.0, z=0.0), rotation=geometry_msgs.msg.Quaternion(x=0.0, y=0.0, z=0.0, w=1.0)))]"
1742662962776388300,"[geometry_msgs.msg.TransformStamped(header=std_msgs.msg.Header(stamp=builtin_interfaces.msg.Time(sec=1742662962, nanosec=770499835), frame_id='odom'), child_frame_id='base_link', transform=geometry_msgs.msg.Transform(translation=geometry_msgs.msg.Vector3(x=0.0, y=0.0, z=0.0), rotation=geometry_msgs.msg.Quaternion(x=0.0, y=0.0, z=0.0, w=1.0)))]"
1742662962843002902,"[geometry_msgs.msg.TransformStamped(header=std_msgs.msg.Header(stamp=builtin_interfaces.msg.Time(sec=1742662962, nanosec=820557718), frame_id='odom'), child_frame_id='base_link', transform=geometry_msgs.msg.Transform(translation=geometry_msgs.msg.Vector3(x=0.0, y=0.0, z=0.0), rotation=geometry_msgs.msg.Quaternion(x=0.0, y=0.0, z=0.0, w=1.0)))]"
1742662962876387676,"[geometry_msgs.msg.TransformStamped(header=std_msgs.msg.Header(stamp=builtin_interfaces.msg.Time(sec=1742662962, nanosec=870608359), frame_id='odom'), child_frame_id='base_link', transform=geometry_msgs.msg.Transform(translation=geometry_msgs.msg.Vector3(x=0.0, y=0.0, z=0.0), rotation=geometry_msgs.msg.Quaternion(x=0.0, y=0.0, z=0.0, w=1.0)))]"
1742662962943019814,"[geometry_msgs.msg.TransformStamped(header=std_msgs.msg.Header(stamp=builtin_interfaces.msg.Time(sec=1742662962, nanosec=920437777), frame_id='odom'), child_frame_id='base_link', transform=geometry_msgs.msg.Transform(translation=geometry_msgs.msg.Vector3(x=0.0, y=0.0, z=0.0), rotation=geometry_msgs.msg.Quaternion(x=0.0, y=0.0, z=0.0, w=1.0)))]"
1742662962976376421,"[geometry_msgs.msg.TransformStamped(header=std_msgs.msg.Header(stamp=builtin_interfaces.msg.Time(sec=1742662962, nanosec=970464881), frame_id='odom'), child_frame_id='base_link', transform=geometry_msgs.msg.Transform(translation=geometry_msgs.msg.Vector3(x=0.0, y=0.0, z=0.0), rotation=geometry_msgs.msg.Quaternion(x=0.0, y=0.0, z=0.0, w=1.0)))]"
1742662963043035856,"[geometry_msgs.msg.TransformStamped(header=std_msgs.msg.Header(stamp=builtin_interfaces.msg.Time(sec=1742662963, nanosec=20443670), frame_id='odom'), child_frame_id='base_link', transform=geometry_msgs.msg.Transform(translation=geometry_msgs.msg.Vector3(x=0.0, y=0.0, z=0.0), rotation=geometry_msgs.msg.Quaternion(x=0.0, y=0.0, z=0.0, w=1.0)))]"
1742662963076333647,"[geometry_msgs.msg.TransformStamped(header=std_msgs.msg.Header(stamp=builtin_interfaces.msg.Time(sec=1742662963, nanosec=70703629), frame_id='odom'), child_frame_id='base_link', transform=geometry_msgs.msg.Transform(translation=geometry_msgs.msg.Vector3(x=0.0, y=0.0, z=0.0), rotation=geometry_msgs.msg.Quaternion(x=0.0, y=0.0, z=0.0, w=1.0)))]"
1742662963143068527,"[geometry_msgs.msg.TransformStamped(header=std_msgs.msg.Header(stamp=builtin_interfaces.msg.Time(sec=1742662963, nanosec=120527860), frame_id='odom'), child_frame_id='base_link', transform=geometry_msgs.msg.Transform(translation=geometry_msgs.msg.Vector3(x=0.0, y=0.0, z=0.0), rotation=geometry_msgs.msg.Quaternion(x=0.0, y=0.0, z=0.0, w=1.0)))]"
1742662963176441170,"[geometry_msgs.msg.TransformStamped(header=std_msgs.msg.Header(stamp=builtin_interfaces.msg.Time(sec=1742662963, nanosec=170420704), frame_id='odom'), child_frame_id='base_link', transform=geometry_msgs.msg.Transform(translation=geometry_msgs.msg.Vector3(x=0.0, y=0.0, z=0.0), rotation=geometry_msgs.msg.Quaternion(x=0.0, y=0.0, z=0.0, w=1.0)))]"
1742662963243128179,"[geometry_msgs.msg.TransformStamped(header=std_msgs.msg.Header(stamp=builtin_interfaces.msg.Time(sec=1742662963, nanosec=220486993), frame_id='odom'), child_frame_id='base_link', transform=geometry_msgs.msg.Transform(translation=geometry_msgs.msg.Vector3(x=0.0, y=0.0, z=0.0), rotation=geometry_msgs.msg.Quaternion(x=0.0, y=0.0, z=0.0, w=1.0)))]"
1742662963276320247,"[geometry_msgs.msg.TransformStamped(header=std_msgs.msg.Header(stamp=builtin_interfaces.msg.Time(sec=1742662963, nanosec=270465782), frame_id='odom'), child_frame_id='base_link', transform=geometry_msgs.msg.Transform(translation=geometry_msgs.msg.Vector3(x=0.0, y=0.0, z=0.0), rotation=geometry_msgs.msg.Quaternion(x=0.0, y=0.0, z=0.0, w=1.0)))]"
1742662963342953441,"[geometry_msgs.msg.TransformStamped(header=std_msgs.msg.Header(stamp=builtin_interfaces.msg.Time(sec=1742662963, nanosec=320482349), frame_id='odom'), child_frame_id='base_link', transform=geometry_msgs.msg.Transform(translation=geometry_msgs.msg.Vector3(x=0.0, y=0.0, z=0.0), rotation=geometry_msgs.msg.Quaternion(x=0.0, y=0.0, z=0.0, w=1.0)))]"
1742662963376300640,"[geometry_msgs.msg.TransformStamped(header=std_msgs.msg.Header(stamp=builtin_interfaces.msg.Time(sec=1742662963, nanosec=360512466), frame_id='odom'), child_frame_id='base_link', transform=geometry_msgs.msg.Transform(translation=geometry_msgs.msg.Vector3(x=0.0, y=0.0, z=0.0), rotation=geometry_msgs.msg.Quaternion(x=0.0, y=0.0, z=0.0, w=1.0)))]"
1742662963443014890,"[geometry_msgs.msg.TransformStamped(header=std_msgs.msg.Header(stamp=builtin_interfaces.msg.Time(sec=1742662963, nanosec=410441569), frame_id='odom'), child_frame_id='base_link', transform=geometry_msgs.msg.Transform(translation=geometry_msgs.msg.Vector3(x=0.0, y=0.0, z=0.0), rotation=geometry_msgs.msg.Quaternion(x=0.0, y=0.0, z=0.0, w=1.0)))]"
1742662963476354237,"[geometry_msgs.msg.TransformStamped(header=std_msgs.msg.Header(stamp=builtin_interfaces.msg.Time(sec=1742662963, nanosec=460791324), frame_id='odom'), child_frame_id='base_link', transform=geometry_msgs.msg.Transform(translation=geometry_msgs.msg.Vector3(x=0.0, y=0.0, z=0.0), rotation=geometry_msgs.msg.Quaternion(x=0.0, y=0.0, z=0.0, w=1.0)))]"
1742662963542935763,"[geometry_msgs.msg.TransformStamped(header=std_msgs.msg.Header(stamp=builtin_interfaces.msg.Time(sec=1742662963, nanosec=510415609), frame_id='odom'), child_frame_id='base_link', transform=geometry_msgs.msg.Transform(translation=geometry_msgs.msg.Vector3(x=0.0, y=0.0, z=0.0), rotation=geometry_msgs.msg.Quaternion(x=0.0, y=0.0, z=0.0, w=1.0)))]"
1742662963576381037,"[geometry_msgs.msg.TransformStamped(header=std_msgs.msg.Header(stamp=builtin_interfaces.msg.Time(sec=1742662963, nanosec=560475010), frame_id='odom'), child_frame_id='base_link', transform=geometry_msgs.msg.Transform(translation=geometry_msgs.msg.Vector3(x=0.0, y=0.0, z=0.0), rotation=geometry_msgs.msg.Quaternion(x=0.0, y=0.0, z=0.0, w=1.0)))]"
1742662963642956211,"[geometry_msgs.msg.TransformStamped(header=std_msgs.msg.Header(stamp=builtin_interfaces.msg.Time(sec=1742662963, nanosec=610474003), frame_id='odom'), child_frame_id='base_link', transform=geometry_msgs.msg.Transform(translation=geometry_msgs.msg.Vector3(x=0.0, y=0.0, z=0.0), rotation=geometry_msgs.msg.Quaternion(x=0.0, y=0.0, z=0.0, w=1.0)))]"
1742662963676470894,"[geometry_msgs.msg.TransformStamped(header=std_msgs.msg.Header(stamp=builtin_interfaces.msg.Time(sec=1742662963, nanosec=660438717), frame_id='odom'), child_frame_id='base_link', transform=geometry_msgs.msg.Transform(translation=geometry_msgs.msg.Vector3(x=0.0, y=0.0, z=0.0), rotation=geometry_msgs.msg.Quaternion(x=0.0, y=0.0, z=0.0, w=1.0)))]"
1742662963742997271,"[geometry_msgs.msg.TransformStamped(header=std_msgs.msg.Header(stamp=builtin_interfaces.msg.Time(sec=1742662963, nanosec=710844417), frame_id='odom'), child_frame_id='base_link', transform=geometry_msgs.msg.Transform(translation=geometry_msgs.msg.Vector3(x=0.0, y=0.0, z=0.0), rotation=geometry_msgs.msg.Quaternion(x=0.0, y=0.0, z=0.0, w=1.0)))]"
1742662963776349915,"[geometry_msgs.msg.TransformStamped(header=std_msgs.msg.Header(stamp=builtin_interfaces.msg.Time(sec=1742662963, nanosec=760424499), frame_id='odom'), child_frame_id='base_link', transform=geometry_msgs.msg.Transform(translation=geometry_msgs.msg.Vector3(x=0.0, y=0.0, z=0.0), rotation=geometry_msgs.msg.Quaternion(x=0.0, y=0.0, z=0.0, w=1.0)))]"
1742662963843004534,"[geometry_msgs.msg.TransformStamped(header=std_msgs.msg.Header(stamp=builtin_interfaces.msg.Time(sec=1742662963, nanosec=810458177), frame_id='odom'), child_frame_id='base_link', transform=geometry_msgs.msg.Transform(translation=geometry_msgs.msg.Vector3(x=0.0, y=0.0, z=0.0), rotation=geometry_msgs.msg.Quaternion(x=0.0, y=0.0, z=0.0, w=1.0)))]"
1742662963876301955,"[geometry_msgs.msg.TransformStamped(header=std_msgs.msg.Header(stamp=builtin_interfaces.msg.Time(sec=1742662963, nanosec=860563874), frame_id='odom'), child_frame_id='base_link', transform=geometry_msgs.msg.Transform(translation=geometry_msgs.msg.Vector3(x=0.0, y=0.0, z=0.0), rotation=geometry_msgs.msg.Quaternion(x=0.0, y=0.0, z=0.0, w=1.0)))]"
1742662963943046742,"[geometry_msgs.msg.TransformStamped(header=std_msgs.msg.Header(stamp=builtin_interfaces.msg.Time(sec=1742662963, nanosec=910499811), frame_id='odom'), child_frame_id='base_link', transform=geometry_msgs.msg.Transform(translation=geometry_msgs.msg.Vector3(x=0.0, y=0.0, z=0.0), rotation=geometry_msgs.msg.Quaternion(x=0.0, y=0.0, z=0.0, w=1.0)))]"
1742662963976381108,"[geometry_msgs.msg.TransformStamped(header=std_msgs.msg.Header(stamp=builtin_interfaces.msg.Time(sec=1742662963, nanosec=960855066), frame_id='odom'), child_frame_id='base_link', transform=geometry_msgs.msg.Transform(translation=geometry_msgs.msg.Vector3(x=0.0, y=0.0, z=0.0), rotation=geometry_msgs.msg.Quaternion(x=0.0, y=0.0, z=0.0, w=1.0)))]"
1742662964042936856,"[geometry_msgs.msg.TransformStamped(header=std_msgs.msg.Header(stamp=builtin_interfaces.msg.Time(sec=1742662964, nanosec=10494018), frame_id='odom'), child_frame_id='base_link', transform=geometry_msgs.msg.Transform(translation=geometry_msgs.msg.Vector3(x=0.0, y=0.0, z=0.0), rotation=geometry_msgs.msg.Quaternion(x=0.0, y=0.0, z=0.0, w=1.0)))]"
1742662964076402833,"[geometry_msgs.msg.TransformStamped(header=std_msgs.msg.Header(stamp=builtin_interfaces.msg.Time(sec=1742662964, nanosec=60494806), frame_id='odom'), child_frame_id='base_link', transform=geometry_msgs.msg.Transform(translation=geometry_msgs.msg.Vector3(x=0.0, y=0.0, z=0.0), rotation=geometry_msgs.msg.Quaternion(x=0.0, y=0.0, z=0.0, w=1.0)))]"
1742662964143001396,"[geometry_msgs.msg.TransformStamped(header=std_msgs.msg.Header(stamp=builtin_interfaces.msg.Time(sec=1742662964, nanosec=110512002), frame_id='odom'), child_frame_id='base_link', transform=geometry_msgs.msg.Transform(translation=geometry_msgs.msg.Vector3(x=0.0, y=0.0, z=0.0), rotation=geometry_msgs.msg.Quaternion(x=0.0, y=0.0, z=0.0, w=1.0)))]"
1742662964176372669,"[geometry_msgs.msg.TransformStamped(header=std_msgs.msg.Header(stamp=builtin_interfaces.msg.Time(sec=1742662964, nanosec=160569217), frame_id='odom'), child_frame_id='base_link', transform=geometry_msgs.msg.Transform(translation=geometry_msgs.msg.Vector3(x=0.0, y=0.0, z=0.0), rotation=geometry_msgs.msg.Quaternion(x=0.0, y=0.0, z=0.0, w=1.0)))]"
1742662964242927713,"[geometry_msgs.msg.TransformStamped(header=std_msgs.msg.Header(stamp=builtin_interfaces.msg.Time(sec=1742662964, nanosec=210904972), frame_id='odom'), child_frame_id='base_link', transform=geometry_msgs.msg.Transform(translation=geometry_msgs.msg.Vector3(x=0.0, y=0.0, z=0.0), rotation=geometry_msgs.msg.Quaternion(x=0.0, y=0.0, z=0.0, w=1.0)))]"
1742662964276280486,"[geometry_msgs.msg.TransformStamped(header=std_msgs.msg.Header(stamp=builtin_interfaces.msg.Time(sec=1742662964, nanosec=260442219), frame_id='odom'), child_frame_id='base_link', transform=geometry_msgs.msg.Transform(translation=geometry_msgs.msg.Vector3(x=0.0, y=0.0, z=0.0), rotation=geometry_msgs.msg.Quaternion(x=0.0, y=0.0, z=0.0, w=1.0)))]"
1742662964309977596,"[geometry_msgs.msg.TransformStamped(header=std_msgs.msg.Header(stamp=builtin_interfaces.msg.Time(sec=1742662964, nanosec=300456465), frame_id='odom'), child_frame_id='base_link', transform=geometry_msgs.msg.Transform(translation=geometry_msgs.msg.Vector3(x=0.0, y=0.0, z=0.0), rotation=geometry_msgs.msg.Quaternion(x=0.0, y=0.0, z=0.0, w=1.0)))]"
1742662964376309897,"[geometry_msgs.msg.TransformStamped(header=std_msgs.msg.Header(stamp=builtin_interfaces.msg.Time(sec=1742662964, nanosec=350428012), frame_id='odom'), child_frame_id='base_link', transform=geometry_msgs.msg.Transform(translation=geometry_msgs.msg.Vector3(x=0.0, y=0.0, z=0.0), rotation=geometry_msgs.msg.Quaternion(x=0.0, y=0.0, z=0.0, w=1.0)))]"
1742662964409668132,"[geometry_msgs.msg.TransformStamped(header=std_msgs.msg.Header(stamp=builtin_interfaces.msg.Time(sec=1742662964, nanosec=400462708), frame_id='odom'), child_frame_id='base_link', transform=geometry_msgs.msg.Transform(translation=geometry_msgs.msg.Vector3(x=0.0, y=0.0, z=0.0), rotation=geometry_msgs.msg.Quaternion(x=0.0, y=0.0, z=0.0, w=1.0)))]"
1742662964476326677,"[geometry_msgs.msg.TransformStamped(header=std_msgs.msg.Header(stamp=builtin_interfaces.msg.Time(sec=1742662964, nanosec=450440830), frame_id='odom'), child_frame_id='base_link', transform=geometry_msgs.msg.Transform(translation=geometry_msgs.msg.Vector3(x=0.0, y=0.0, z=0.0), rotation=geometry_msgs.msg.Quaternion(x=0.0, y=0.0, z=0.0, w=1.0)))]"
1742662964509683969,"[geometry_msgs.msg.TransformStamped(header=std_msgs.msg.Header(stamp=builtin_interfaces.msg.Time(sec=1742662964, nanosec=500533990), frame_id='odom'), child_frame_id='base_link', transform=geometry_msgs.msg.Transform(translation=geometry_msgs.msg.Vector3(x=0.0, y=0.0, z=0.0), rotation=geometry_msgs.msg.Quaternion(x=0.0, y=0.0, z=0.0, w=1.0)))]"
1742662964576348199,"[geometry_msgs.msg.TransformStamped(header=std_msgs.msg.Header(stamp=builtin_interfaces.msg.Time(sec=1742662964, nanosec=550429555), frame_id='odom'), child_frame_id='base_link', transform=geometry_msgs.msg.Transform(translation=geometry_msgs.msg.Vector3(x=0.0, y=0.0, z=0.0), rotation=geometry_msgs.msg.Quaternion(x=0.0, y=0.0, z=0.0, w=1.0)))]"
1742662964609668527,"[geometry_msgs.msg.TransformStamped(header=std_msgs.msg.Header(stamp=builtin_interfaces.msg.Time(sec=1742662964, nanosec=600451881), frame_id='odom'), child_frame_id='base_link', transform=geometry_msgs.msg.Transform(translation=geometry_msgs.msg.Vector3(x=0.0, y=0.0, z=0.0), rotation=geometry_msgs.msg.Quaternion(x=0.0, y=0.0, z=0.0, w=1.0)))]"
1742662964676851725,"[geometry_msgs.msg.TransformStamped(header=std_msgs.msg.Header(stamp=builtin_interfaces.msg.Time(sec=1742662964, nanosec=650432965), frame_id='odom'), child_frame_id='base_link', transform=geometry_msgs.msg.Transform(translation=geometry_msgs.msg.Vector3(x=0.0, y=0.0, z=0.0), rotation=geometry_msgs.msg.Quaternion(x=0.0, y=0.0, z=0.0, w=1.0)))]"
1742662964709783142,"[geometry_msgs.msg.TransformStamped(header=std_msgs.msg.Header(stamp=builtin_interfaces.msg.Time(sec=1742662964, nanosec=700564070), frame_id='odom'), child_frame_id='base_link', transform=geometry_msgs.msg.Transform(translation=geometry_msgs.msg.Vector3(x=0.0, y=0.0, z=0.0), rotation=geometry_msgs.msg.Quaternion(x=0.0, y=0.0, z=0.0, w=1.0)))]"
1742662964776310352,"[geometry_msgs.msg.TransformStamped(header=std_msgs.msg.Header(stamp=builtin_interfaces.msg.Time(sec=1742662964, nanosec=750509598), frame_id='odom'), child_frame_id='base_link', transform=geometry_msgs.msg.Transform(translation=geometry_msgs.msg.Vector3(x=0.0, y=0.0, z=0.0), rotation=geometry_msgs.msg.Quaternion(x=0.0, y=0.0, z=0.0, w=1.0)))]"
1742662964809622495,"[geometry_msgs.msg.TransformStamped(header=std_msgs.msg.Header(stamp=builtin_interfaces.msg.Time(sec=1742662964, nanosec=800522443), frame_id='odom'), child_frame_id='base_link', transform=geometry_msgs.msg.Transform(translation=geometry_msgs.msg.Vector3(x=0.0, y=0.0, z=0.0), rotation=geometry_msgs.msg.Quaternion(x=0.0, y=0.0, z=0.0, w=1.0)))]"
1742662964876344022,"[geometry_msgs.msg.TransformStamped(header=std_msgs.msg.Header(stamp=builtin_interfaces.msg.Time(sec=1742662964, nanosec=850454786), frame_id='odom'), child_frame_id='base_link', transform=geometry_msgs.msg.Transform(translation=geometry_msgs.msg.Vector3(x=0.0, y=0.0, z=0.0), rotation=geometry_msgs.msg.Quaternion(x=0.0, y=0.0, z=0.0, w=1.0)))]"
1742662964909650869,"[geometry_msgs.msg.TransformStamped(header=std_msgs.msg.Header(stamp=builtin_interfaces.msg.Time(sec=1742662964, nanosec=900461760), frame_id='odom'), child_frame_id='base_link', transform=geometry_msgs.msg.Transform(translation=geometry_msgs.msg.Vector3(x=0.0, y=0.0, z=0.0), rotation=geometry_msgs.msg.Quaternion(x=0.0, y=0.0, z=0.0, w=1.0)))]"
1742662964976353655,"[geometry_msgs.msg.TransformStamped(header=std_msgs.msg.Header(stamp=builtin_interfaces.msg.Time(sec=1742662964, nanosec=950475919), frame_id='odom'), child_frame_id='base_link', transform=geometry_msgs.msg.Transform(translation=geometry_msgs.msg.Vector3(x=0.0, y=0.0, z=0.0), rotation=geometry_msgs.msg.Quaternion(x=0.0, y=0.0, z=0.0, w=1.0)))]"
1742662965009691687,"[geometry_msgs.msg.TransformStamped(header=std_msgs.msg.Header(stamp=builtin_interfaces.msg.Time(sec=1742662965, nanosec=504504), frame_id='odom'), child_frame_id='base_link', transform=geometry_msgs.msg.Transform(translation=geometry_msgs.msg.Vector3(x=0.0, y=0.0, z=0.0), rotation=geometry_msgs.msg.Quaternion(x=0.0, y=0.0, z=0.0, w=1.0)))]"
1742662965076412046,"[geometry_msgs.msg.TransformStamped(header=std_msgs.msg.Header(stamp=builtin_interfaces.msg.Time(sec=1742662965, nanosec=50477828), frame_id='odom'), child_frame_id='base_link', transform=geometry_msgs.msg.Transform(translation=geometry_msgs.msg.Vector3(x=0.0, y=0.0, z=0.0), rotation=geometry_msgs.msg.Quaternion(x=0.0, y=0.0, z=0.0, w=1.0)))]"
1742662965109663651,"[geometry_msgs.msg.TransformStamped(header=std_msgs.msg.Header(stamp=builtin_interfaces.msg.Time(sec=1742662965, nanosec=100415023), frame_id='odom'), child_frame_id='base_link', transform=geometry_msgs.msg.Transform(translation=geometry_msgs.msg.Vector3(x=0.0, y=0.0, z=0.0), rotation=geometry_msgs.msg.Quaternion(x=0.0, y=0.0, z=0.0, w=1.0)))]"
1742662965176455215,"[geometry_msgs.msg.TransformStamped(header=std_msgs.msg.Header(stamp=builtin_interfaces.msg.Time(sec=1742662965, nanosec=150462238), frame_id='odom'), child_frame_id='base_link', transform=geometry_msgs.msg.Transform(translation=geometry_msgs.msg.Vector3(x=0.0, y=0.0, z=0.0), rotation=geometry_msgs.msg.Quaternion(x=0.0, y=0.0, z=0.0, w=1.0)))]"
1742662965209803506,"[geometry_msgs.msg.TransformStamped(header=std_msgs.msg.Header(stamp=builtin_interfaces.msg.Time(sec=1742662965, nanosec=200444192), frame_id='odom'), child_frame_id='base_link', transform=geometry_msgs.msg.Transform(translation=geometry_msgs.msg.Vector3(x=0.0, y=0.0, z=0.0), rotation=geometry_msgs.msg.Quaternion(x=0.0, y=0.0, z=0.0, w=1.0)))]"
1742662965242968351,"[geometry_msgs.msg.TransformStamped(header=std_msgs.msg.Header(stamp=builtin_interfaces.msg.Time(sec=1742662965, nanosec=240418030), frame_id='odom'), child_frame_id='base_link', transform=geometry_msgs.msg.Transform(translation=geometry_msgs.msg.Vector3(x=0.0, y=0.0, z=0.0), rotation=geometry_msgs.msg.Quaternion(x=0.0, y=0.0, z=0.0, w=1.0)))]"
1742662965309637118,"[geometry_msgs.msg.TransformStamped(header=std_msgs.msg.Header(stamp=builtin_interfaces.msg.Time(sec=1742662965, nanosec=290483559), frame_id='odom'), child_frame_id='base_link', transform=geometry_msgs.msg.Transform(translation=geometry_msgs.msg.Vector3(x=0.0, y=0.0, z=0.0), rotation=geometry_msgs.msg.Quaternion(x=0.0, y=0.0, z=0.0, w=1.0)))]"
1742662965343004724,"[geometry_msgs.msg.TransformStamped(header=std_msgs.msg.Header(stamp=builtin_interfaces.msg.Time(sec=1742662965, nanosec=340510458), frame_id='odom'), child_frame_id='base_link', transform=geometry_msgs.msg.Transform(translation=geometry_msgs.msg.Vector3(x=0.0, y=0.0, z=0.0), rotation=geometry_msgs.msg.Quaternion(x=0.0, y=0.0, z=0.0, w=1.0)))]"
1742662965409728491,"[geometry_msgs.msg.TransformStamped(header=std_msgs.msg.Header(stamp=builtin_interfaces.msg.Time(sec=1742662965, nanosec=391207753), frame_id='odom'), child_frame_id='base_link', transform=geometry_msgs.msg.Transform(translation=geometry_msgs.msg.Vector3(x=0.0, y=0.0, z=0.0), rotation=geometry_msgs.msg.Quaternion(x=0.0, y=0.0, z=0.0, w=1.0)))]"
1742662965443016707,"[geometry_msgs.msg.TransformStamped(header=std_msgs.msg.Header(stamp=builtin_interfaces.msg.Time(sec=1742662965, nanosec=440548201), frame_id='odom'), child_frame_id='base_link', transform=geometry_msgs.msg.Transform(translation=geometry_msgs.msg.Vector3(x=0.0, y=0.0, z=0.0), rotation=geometry_msgs.msg.Quaternion(x=0.0, y=0.0, z=0.0, w=1.0)))]"
1742662965509736437,"[geometry_msgs.msg.TransformStamped(header=std_msgs.msg.Header(stamp=builtin_interfaces.msg.Time(sec=1742662965, nanosec=490453470), frame_id='odom'), child_frame_id='base_link', transform=geometry_msgs.msg.Transform(translation=geometry_msgs.msg.Vector3(x=0.0, y=0.0, z=0.0), rotation=geometry_msgs.msg.Quaternion(x=0.0, y=0.0, z=0.0, w=1.0)))]"
1742662965543034209,"[geometry_msgs.msg.TransformStamped(header=std_msgs.msg.Header(stamp=builtin_interfaces.msg.Time(sec=1742662965, nanosec=540479462), frame_id='odom'), child_frame_id='base_link', transform=geometry_msgs.msg.Transform(translation=geometry_msgs.msg.Vector3(x=0.0, y=0.0, z=0.0), rotation=geometry_msgs.msg.Quaternion(x=0.0, y=0.0, z=0.0, w=1.0)))]"
1742662965610436020,"[geometry_msgs.msg.TransformStamped(header=std_msgs.msg.Header(stamp=builtin_interfaces.msg.Time(sec=1742662965, nanosec=590489065), frame_id='odom'), child_frame_id='base_link', transform=geometry_msgs.msg.Transform(translation=geometry_msgs.msg.Vector3(x=0.0, y=0.0, z=0.0), rotation=geometry_msgs.msg.Quaternion(x=0.0, y=0.0, z=0.0, w=1.0)))]"
1742662965643690236,"[geometry_msgs.msg.TransformStamped(header=std_msgs.msg.Header(stamp=builtin_interfaces.msg.Time(sec=1742662965, nanosec=640617817), frame_id='odom'), child_frame_id='base_link', transform=geometry_msgs.msg.Transform(translation=geometry_msgs.msg.Vector3(x=0.0, y=0.0, z=0.0), rotation=geometry_msgs.msg.Quaternion(x=0.0, y=0.0, z=0.0, w=1.0)))]"
1742662965709763645,"[geometry_msgs.msg.TransformStamped(header=std_msgs.msg.Header(stamp=builtin_interfaces.msg.Time(sec=1742662965, nanosec=690526215), frame_id='odom'), child_frame_id='base_link', transform=geometry_msgs.msg.Transform(translation=geometry_msgs.msg.Vector3(x=0.0, y=0.0, z=0.0), rotation=geometry_msgs.msg.Quaternion(x=0.0, y=0.0, z=0.0, w=1.0)))]"
1742662965743048583,"[geometry_msgs.msg.TransformStamped(header=std_msgs.msg.Header(stamp=builtin_interfaces.msg.Time(sec=1742662965, nanosec=740463243), frame_id='odom'), child_frame_id='base_link', transform=geometry_msgs.msg.Transform(translation=geometry_msgs.msg.Vector3(x=0.0, y=0.0, z=0.0), rotation=geometry_msgs.msg.Quaternion(x=0.0, y=0.0, z=0.0, w=1.0)))]"
1742662965809640645,"[geometry_msgs.msg.TransformStamped(header=std_msgs.msg.Header(stamp=builtin_interfaces.msg.Time(sec=1742662965, nanosec=790481420), frame_id='odom'), child_frame_id='base_link', transform=geometry_msgs.msg.Transform(translation=geometry_msgs.msg.Vector3(x=0.0, y=0.0, z=0.0), rotation=geometry_msgs.msg.Quaternion(x=0.0, y=0.0, z=0.0, w=1.0)))]"
1742662965843103197,"[geometry_msgs.msg.TransformStamped(header=std_msgs.msg.Header(stamp=builtin_interfaces.msg.Time(sec=1742662965, nanosec=840430133), frame_id='odom'), child_frame_id='base_link', transform=geometry_msgs.msg.Transform(translation=geometry_msgs.msg.Vector3(x=0.0, y=0.0, z=0.0), rotation=geometry_msgs.msg.Quaternion(x=0.0, y=0.0, z=0.0, w=1.0)))]"
1742662965909637203,"[geometry_msgs.msg.TransformStamped(header=std_msgs.msg.Header(stamp=builtin_interfaces.msg.Time(sec=1742662965, nanosec=890989742), frame_id='odom'), child_frame_id='base_link', transform=geometry_msgs.msg.Transform(translation=geometry_msgs.msg.Vector3(x=0.0, y=0.0, z=0.0), rotation=geometry_msgs.msg.Quaternion(x=0.0, y=0.0, z=0.0, w=1.0)))]"
1742662965943031865,"[geometry_msgs.msg.TransformStamped(header=std_msgs.msg.Header(stamp=builtin_interfaces.msg.Time(sec=1742662965, nanosec=940446747), frame_id='odom'), child_frame_id='base_link', transform=geometry_msgs.msg.Transform(translation=geometry_msgs.msg.Vector3(x=0.0, y=0.0, z=0.0), rotation=geometry_msgs.msg.Quaternion(x=0.0, y=0.0, z=0.0, w=1.0)))]"
1742662966009733298,"[geometry_msgs.msg.TransformStamped(header=std_msgs.msg.Header(stamp=builtin_interfaces.msg.Time(sec=1742662965, nanosec=990471442), frame_id='odom'), child_frame_id='base_link', transform=geometry_msgs.msg.Transform(translation=geometry_msgs.msg.Vector3(x=0.0, y=0.0, z=0.0), rotation=geometry_msgs.msg.Quaternion(x=0.0, y=0.0, z=0.0, w=1.0)))]"
1742662966043036551,"[geometry_msgs.msg.TransformStamped(header=std_msgs.msg.Header(stamp=builtin_interfaces.msg.Time(sec=1742662966, nanosec=40510026), frame_id='odom'), child_frame_id='base_link', transform=geometry_msgs.msg.Transform(translation=geometry_msgs.msg.Vector3(x=0.0, y=0.0, z=0.0), rotation=geometry_msgs.msg.Quaternion(x=0.0, y=0.0, z=0.0, w=1.0)))]"
1742662966109786281,"[geometry_msgs.msg.TransformStamped(header=std_msgs.msg.Header(stamp=builtin_interfaces.msg.Time(sec=1742662966, nanosec=90534981), frame_id='odom'), child_frame_id='base_link', transform=geometry_msgs.msg.Transform(translation=geometry_msgs.msg.Vector3(x=0.0, y=0.0, z=0.0), rotation=geometry_msgs.msg.Quaternion(x=0.0, y=0.0, z=0.0, w=1.0)))]"
1742662966143045015,"[geometry_msgs.msg.TransformStamped(header=std_msgs.msg.Header(stamp=builtin_interfaces.msg.Time(sec=1742662966, nanosec=140743233), frame_id='odom'), child_frame_id='base_link', transform=geometry_msgs.msg.Transform(translation=geometry_msgs.msg.Vector3(x=0.0, y=0.0, z=0.0), rotation=geometry_msgs.msg.Quaternion(x=0.0, y=0.0, z=0.0, w=1.0)))]"
1742662966209980802,"[geometry_msgs.msg.TransformStamped(header=std_msgs.msg.Header(stamp=builtin_interfaces.msg.Time(sec=1742662966, nanosec=180659237), frame_id='odom'), child_frame_id='base_link', transform=geometry_msgs.msg.Transform(translation=geometry_msgs.msg.Vector3(x=0.0, y=0.0, z=0.0), rotation=geometry_msgs.msg.Quaternion(x=0.0, y=0.0, z=0.0, w=1.0)))]"
1742662966243160832,"[geometry_msgs.msg.TransformStamped(header=std_msgs.msg.Header(stamp=builtin_interfaces.msg.Time(sec=1742662966, nanosec=230539504), frame_id='odom'), child_frame_id='base_link', transform=geometry_msgs.msg.Transform(translation=geometry_msgs.msg.Vector3(x=0.0, y=0.0, z=0.0), rotation=geometry_msgs.msg.Quaternion(x=0.0, y=0.0, z=0.0, w=1.0)))]"
1742662966311291427,"[geometry_msgs.msg.TransformStamped(header=std_msgs.msg.Header(stamp=builtin_interfaces.msg.Time(sec=1742662966, nanosec=280959889), frame_id='odom'), child_frame_id='base_link', transform=geometry_msgs.msg.Transform(translation=geometry_msgs.msg.Vector3(x=0.0, y=0.0, z=0.0), rotation=geometry_msgs.msg.Quaternion(x=0.0, y=0.0, z=0.0, w=1.0)))]"
1742662966343178148,"[geometry_msgs.msg.TransformStamped(header=std_msgs.msg.Header(stamp=builtin_interfaces.msg.Time(sec=1742662966, nanosec=330788841), frame_id='odom'), child_frame_id='base_link', transform=geometry_msgs.msg.Transform(translation=geometry_msgs.msg.Vector3(x=0.0, y=0.0, z=0.0), rotation=geometry_msgs.msg.Quaternion(x=0.0, y=0.0, z=0.0, w=1.0)))]"
1742662966409700061,"[geometry_msgs.msg.TransformStamped(header=std_msgs.msg.Header(stamp=builtin_interfaces.msg.Time(sec=1742662966, nanosec=380792629), frame_id='odom'), child_frame_id='base_link', transform=geometry_msgs.msg.Transform(translation=geometry_msgs.msg.Vector3(x=0.0, y=0.0, z=0.0), rotation=geometry_msgs.msg.Quaternion(x=0.0, y=0.0, z=0.0, w=1.0)))]"
1742662966445685970,"[geometry_msgs.msg.TransformStamped(header=std_msgs.msg.Header(stamp=builtin_interfaces.msg.Time(sec=1742662966, nanosec=437097126), frame_id='odom'), child_frame_id='base_link', transform=geometry_msgs.msg.Transform(translation=geometry_msgs.msg.Vector3(x=0.0, y=0.0, z=0.0), rotation=geometry_msgs.msg.Quaternion(x=0.0, y=0.0, z=0.0, w=1.0)))]"
1742662966509817507,"[geometry_msgs.msg.TransformStamped(header=std_msgs.msg.Header(stamp=builtin_interfaces.msg.Time(sec=1742662966, nanosec=480477589), frame_id='odom'), child_frame_id='base_link', transform=geometry_msgs.msg.Transform(translation=geometry_msgs.msg.Vector3(x=0.0, y=0.0, z=0.0), rotation=geometry_msgs.msg.Quaternion(x=0.0, y=0.0, z=0.0, w=1.0)))]"
1742662966543086427,"[geometry_msgs.msg.TransformStamped(header=std_msgs.msg.Header(stamp=builtin_interfaces.msg.Time(sec=1742662966, nanosec=530527859), frame_id='odom'), child_frame_id='base_link', transform=geometry_msgs.msg.Transform(translation=geometry_msgs.msg.Vector3(x=0.0, y=0.0, z=0.0), rotation=geometry_msgs.msg.Quaternion(x=0.0, y=0.0, z=0.0, w=1.0)))]"
1742662966609635728,"[geometry_msgs.msg.TransformStamped(header=std_msgs.msg.Header(stamp=builtin_interfaces.msg.Time(sec=1742662966, nanosec=580470238), frame_id='odom'), child_frame_id='base_link', transform=geometry_msgs.msg.Transform(translation=geometry_msgs.msg.Vector3(x=0.0, y=0.0, z=0.0), rotation=geometry_msgs.msg.Quaternion(x=0.0, y=0.0, z=0.0, w=1.0)))]"
1742662966643061316,"[geometry_msgs.msg.TransformStamped(header=std_msgs.msg.Header(stamp=builtin_interfaces.msg.Time(sec=1742662966, nanosec=630438248), frame_id='odom'), child_frame_id='base_link', transform=geometry_msgs.msg.Transform(translation=geometry_msgs.msg.Vector3(x=0.0, y=0.0, z=0.0), rotation=geometry_msgs.msg.Quaternion(x=0.0, y=0.0, z=0.0, w=1.0)))]"
1742662966709987696,"[geometry_msgs.msg.TransformStamped(header=std_msgs.msg.Header(stamp=builtin_interfaces.msg.Time(sec=1742662966, nanosec=680492221), frame_id='odom'), child_frame_id='base_link', transform=geometry_msgs.msg.Transform(translation=geometry_msgs.msg.Vector3(x=0.0, y=0.0, z=0.0), rotation=geometry_msgs.msg.Quaternion(x=0.0, y=0.0, z=0.0, w=1.0)))]"
1742662966743046391,"[geometry_msgs.msg.TransformStamped(header=std_msgs.msg.Header(stamp=builtin_interfaces.msg.Time(sec=1742662966, nanosec=730396804), frame_id='odom'), child_frame_id='base_link', transform=geometry_msgs.msg.Transform(translation=geometry_msgs.msg.Vector3(x=0.0, y=0.0, z=0.0), rotation=geometry_msgs.msg.Quaternion(x=0.0, y=0.0, z=0.0, w=1.0)))]"
1742662966809600341,"[geometry_msgs.msg.TransformStamped(header=std_msgs.msg.Header(stamp=builtin_interfaces.msg.Time(sec=1742662966, nanosec=780771150), frame_id='odom'), child_frame_id='base_link', transform=geometry_msgs.msg.Transform(translation=geometry_msgs.msg.Vector3(x=0.0, y=0.0, z=0.0), rotation=geometry_msgs.msg.Quaternion(x=0.0, y=0.0, z=0.0, w=1.0)))]"
1742662966843021262,"[geometry_msgs.msg.TransformStamped(header=std_msgs.msg.Header(stamp=builtin_interfaces.msg.Time(sec=1742662966, nanosec=830408971), frame_id='odom'), child_frame_id='base_link', transform=geometry_msgs.msg.Transform(translation=geometry_msgs.msg.Vector3(x=0.0, y=0.0, z=0.0), rotation=geometry_msgs.msg.Quaternion(x=0.0, y=0.0, z=0.0, w=1.0)))]"
1742662966909748028,"[geometry_msgs.msg.TransformStamped(header=std_msgs.msg.Header(stamp=builtin_interfaces.msg.Time(sec=1742662966, nanosec=880422185), frame_id='odom'), child_frame_id='base_link', transform=geometry_msgs.msg.Transform(translation=geometry_msgs.msg.Vector3(x=0.0, y=0.0, z=0.0), rotation=geometry_msgs.msg.Quaternion(x=0.0, y=0.0, z=0.0, w=1.0)))]"
1742662966942985874,"[geometry_msgs.msg.TransformStamped(header=std_msgs.msg.Header(stamp=builtin_interfaces.msg.Time(sec=1742662966, nanosec=930438954), frame_id='odom'), child_frame_id='base_link', transform=geometry_msgs.msg.Transform(translation=geometry_msgs.msg.Vector3(x=0.0, y=0.0, z=0.0), rotation=geometry_msgs.msg.Quaternion(x=0.0, y=0.0, z=0.0, w=1.0)))]"
1742662967009876790,"[geometry_msgs.msg.TransformStamped(header=std_msgs.msg.Header(stamp=builtin_interfaces.msg.Time(sec=1742662966, nanosec=980474075), frame_id='odom'), child_frame_id='base_link', transform=geometry_msgs.msg.Transform(translation=geometry_msgs.msg.Vector3(x=0.0, y=0.0, z=0.0), rotation=geometry_msgs.msg.Quaternion(x=0.0, y=0.0, z=0.0, w=1.0)))]"
1742662967046849227,"[geometry_msgs.msg.TransformStamped(header=std_msgs.msg.Header(stamp=builtin_interfaces.msg.Time(sec=1742662967, nanosec=30738309), frame_id='odom'), child_frame_id='base_link', transform=geometry_msgs.msg.Transform(translation=geometry_msgs.msg.Vector3(x=0.0, y=0.0, z=0.0), rotation=geometry_msgs.msg.Quaternion(x=0.0, y=0.0, z=0.0, w=1.0)))]"
1742662967109838215,"[geometry_msgs.msg.TransformStamped(header=std_msgs.msg.Header(stamp=builtin_interfaces.msg.Time(sec=1742662967, nanosec=81095581), frame_id='odom'), child_frame_id='base_link', transform=geometry_msgs.msg.Transform(translation=geometry_msgs.msg.Vector3(x=0.0, y=0.0, z=0.0), rotation=geometry_msgs.msg.Quaternion(x=0.0, y=0.0, z=0.0, w=1.0)))]"
1742662967143103986,"[geometry_msgs.msg.TransformStamped(header=std_msgs.msg.Header(stamp=builtin_interfaces.msg.Time(sec=1742662967, nanosec=130751902), frame_id='odom'), child_frame_id='base_link', transform=geometry_msgs.msg.Transform(translation=geometry_msgs.msg.Vector3(x=0.0, y=0.0, z=0.0), rotation=geometry_msgs.msg.Quaternion(x=0.0, y=0.0, z=0.0, w=1.0)))]"
1742662967176597870,"[geometry_msgs.msg.TransformStamped(header=std_msgs.msg.Header(stamp=builtin_interfaces.msg.Time(sec=1742662967, nanosec=170933630), frame_id='odom'), child_frame_id='base_link', transform=geometry_msgs.msg.Transform(translation=geometry_msgs.msg.Vector3(x=0.0, y=0.0, z=0.0), rotation=geometry_msgs.msg.Quaternion(x=0.0, y=0.0, z=0.0, w=1.0)))]"
1742662967243020504,"[geometry_msgs.msg.TransformStamped(header=std_msgs.msg.Header(stamp=builtin_interfaces.msg.Time(sec=1742662967, nanosec=220525950), frame_id='odom'), child_frame_id='base_link', transform=geometry_msgs.msg.Transform(translation=geometry_msgs.msg.Vector3(x=0.0, y=0.0, z=0.0), rotation=geometry_msgs.msg.Quaternion(x=0.0, y=0.0, z=0.0, w=1.0)))]"
1742662967276345553,"[geometry_msgs.msg.TransformStamped(header=std_msgs.msg.Header(stamp=builtin_interfaces.msg.Time(sec=1742662967, nanosec=270500329), frame_id='odom'), child_frame_id='base_link', transform=geometry_msgs.msg.Transform(translation=geometry_msgs.msg.Vector3(x=0.0, y=0.0, z=0.0), rotation=geometry_msgs.msg.Quaternion(x=0.0, y=0.0, z=0.0, w=1.0)))]"
1742662967343025448,"[geometry_msgs.msg.TransformStamped(header=std_msgs.msg.Header(stamp=builtin_interfaces.msg.Time(sec=1742662967, nanosec=320504079), frame_id='odom'), child_frame_id='base_link', transform=geometry_msgs.msg.Transform(translation=geometry_msgs.msg.Vector3(x=0.0, y=0.0, z=0.0), rotation=geometry_msgs.msg.Quaternion(x=0.0, y=0.0, z=0.0, w=1.0)))]"
1742662967376339757,"[geometry_msgs.msg.TransformStamped(header=std_msgs.msg.Header(stamp=builtin_interfaces.msg.Time(sec=1742662967, nanosec=370441606), frame_id='odom'), child_frame_id='base_link', transform=geometry_msgs.msg.Transform(translation=geometry_msgs.msg.Vector3(x=0.0, y=0.0, z=0.0), rotation=geometry_msgs.msg.Quaternion(x=0.0, y=0.0, z=0.0, w=1.0)))]"
1742662967443036115,"[geometry_msgs.msg.TransformStamped(header=std_msgs.msg.Header(stamp=builtin_interfaces.msg.Time(sec=1742662967, nanosec=420518209), frame_id='odom'), child_frame_id='base_link', transform=geometry_msgs.msg.Transform(translation=geometry_msgs.msg.Vector3(x=0.0, y=0.0, z=0.0), rotation=geometry_msgs.msg.Quaternion(x=0.0, y=0.0, z=0.0, w=1.0)))]"
1742662967476325497,"[geometry_msgs.msg.TransformStamped(header=std_msgs.msg.Header(stamp=builtin_interfaces.msg.Time(sec=1742662967, nanosec=470487681), frame_id='odom'), child_frame_id='base_link', transform=geometry_msgs.msg.Transform(translation=geometry_msgs.msg.Vector3(x=0.0, y=0.0, z=0.0), rotation=geometry_msgs.msg.Quaternion(x=0.0, y=0.0, z=0.0, w=1.0)))]"
1742662967542966707,"[geometry_msgs.msg.TransformStamped(header=std_msgs.msg.Header(stamp=builtin_interfaces.msg.Time(sec=1742662967, nanosec=520448375), frame_id='odom'), child_frame_id='base_link', transform=geometry_msgs.msg.Transform(translation=geometry_msgs.msg.Vector3(x=0.0, y=0.0, z=0.0), rotation=geometry_msgs.msg.Quaternion(x=0.0, y=0.0, z=0.0, w=1.0)))]"
1742662967576303163,"[geometry_msgs.msg.TransformStamped(header=std_msgs.msg.Header(stamp=builtin_interfaces.msg.Time(sec=1742662967, nanosec=570675090), frame_id='odom'), child_frame_id='base_link', transform=geometry_msgs.msg.Transform(translation=geometry_msgs.msg.Vector3(x=0.0, y=0.0, z=0.0), rotation=geometry_msgs.msg.Quaternion(x=0.0, y=0.0, z=0.0, w=1.0)))]"
1742662967643042874,"[geometry_msgs.msg.TransformStamped(header=std_msgs.msg.Header(stamp=builtin_interfaces.msg.Time(sec=1742662967, nanosec=620484690), frame_id='odom'), child_frame_id='base_link', transform=geometry_msgs.msg.Transform(translation=geometry_msgs.msg.Vector3(x=0.0, y=0.0, z=0.0), rotation=geometry_msgs.msg.Quaternion(x=0.0, y=0.0, z=0.0, w=1.0)))]"
1742662967676486739,"[geometry_msgs.msg.TransformStamped(header=std_msgs.msg.Header(stamp=builtin_interfaces.msg.Time(sec=1742662967, nanosec=670449384), frame_id='odom'), child_frame_id='base_link', transform=geometry_msgs.msg.Transform(translation=geometry_msgs.msg.Vector3(x=0.0, y=0.0, z=0.0), rotation=geometry_msgs.msg.Quaternion(x=0.0, y=0.0, z=0.0, w=1.0)))]"
1742662967743172449,"[geometry_msgs.msg.TransformStamped(header=std_msgs.msg.Header(stamp=builtin_interfaces.msg.Time(sec=1742662967, nanosec=720541949), frame_id='odom'), child_frame_id='base_link', transform=geometry_msgs.msg.Transform(translation=geometry_msgs.msg.Vector3(x=0.0, y=0.0, z=0.0), rotation=geometry_msgs.msg.Quaternion(x=0.0, y=0.0, z=0.0, w=1.0)))]"
1742662967776324312,"[geometry_msgs.msg.TransformStamped(header=std_msgs.msg.Header(stamp=builtin_interfaces.msg.Time(sec=1742662967, nanosec=770426217), frame_id='odom'), child_frame_id='base_link', transform=geometry_msgs.msg.Transform(translation=geometry_msgs.msg.Vector3(x=0.0, y=0.0, z=0.0), rotation=geometry_msgs.msg.Quaternion(x=0.0, y=0.0, z=0.0, w=1.0)))]"
1742662967843031855,"[geometry_msgs.msg.TransformStamped(header=std_msgs.msg.Header(stamp=builtin_interfaces.msg.Time(sec=1742662967, nanosec=820508949), frame_id='odom'), child_frame_id='base_link', transform=geometry_msgs.msg.Transform(translation=geometry_msgs.msg.Vector3(x=0.0, y=0.0, z=0.0), rotation=geometry_msgs.msg.Quaternion(x=0.0, y=0.0, z=0.0, w=1.0)))]"
1742662967876324015,"[geometry_msgs.msg.TransformStamped(header=std_msgs.msg.Header(stamp=builtin_interfaces.msg.Time(sec=1742662967, nanosec=870434902), frame_id='odom'), child_frame_id='base_link', transform=geometry_msgs.msg.Transform(translation=geometry_msgs.msg.Vector3(x=0.0, y=0.0, z=0.0), rotation=geometry_msgs.msg.Quaternion(x=0.0, y=0.0, z=0.0, w=1.0)))]"
1742662967943062707,"[geometry_msgs.msg.TransformStamped(header=std_msgs.msg.Header(stamp=builtin_interfaces.msg.Time(sec=1742662967, nanosec=920453430), frame_id='odom'), child_frame_id='base_link', transform=geometry_msgs.msg.Transform(translation=geometry_msgs.msg.Vector3(x=0.0, y=0.0, z=0.0), rotation=geometry_msgs.msg.Quaternion(x=0.0, y=0.0, z=0.0, w=1.0)))]"
1742662967976320256,"[geometry_msgs.msg.TransformStamped(header=std_msgs.msg.Header(stamp=builtin_interfaces.msg.Time(sec=1742662967, nanosec=970491180), frame_id='odom'), child_frame_id='base_link', transform=geometry_msgs.msg.Transform(translation=geometry_msgs.msg.Vector3(x=0.0, y=0.0, z=0.0), rotation=geometry_msgs.msg.Quaternion(x=0.0, y=0.0, z=0.0, w=1.0)))]"
1742662968043045262,"[geometry_msgs.msg.TransformStamped(header=std_msgs.msg.Header(stamp=builtin_interfaces.msg.Time(sec=1742662968, nanosec=20439300), frame_id='odom'), child_frame_id='base_link', transform=geometry_msgs.msg.Transform(translation=geometry_msgs.msg.Vector3(x=0.0, y=0.0, z=0.0), rotation=geometry_msgs.msg.Quaternion(x=0.0, y=0.0, z=0.0, w=1.0)))]"
1742662968076344014,"[geometry_msgs.msg.TransformStamped(header=std_msgs.msg.Header(stamp=builtin_interfaces.msg.Time(sec=1742662968, nanosec=70518865), frame_id='odom'), child_frame_id='base_link', transform=geometry_msgs.msg.Transform(translation=geometry_msgs.msg.Vector3(x=0.0, y=0.0, z=0.0), rotation=geometry_msgs.msg.Quaternion(x=0.0, y=0.0, z=0.0, w=1.0)))]"
1742662968142981946,"[geometry_msgs.msg.TransformStamped(header=std_msgs.msg.Header(stamp=builtin_interfaces.msg.Time(sec=1742662968, nanosec=120424428), frame_id='odom'), child_frame_id='base_link', transform=geometry_msgs.msg.Transform(translation=geometry_msgs.msg.Vector3(x=0.0, y=0.0, z=0.0), rotation=geometry_msgs.msg.Quaternion(x=0.0, y=0.0, z=0.0, w=1.0)))]"
1742662968176571534,"[geometry_msgs.msg.TransformStamped(header=std_msgs.msg.Header(stamp=builtin_interfaces.msg.Time(sec=1742662968, nanosec=170517641), frame_id='odom'), child_frame_id='base_link', transform=geometry_msgs.msg.Transform(translation=geometry_msgs.msg.Vector3(x=0.0, y=0.0, z=0.0), rotation=geometry_msgs.msg.Quaternion(x=0.0, y=0.0, z=0.0, w=1.0)))]"
1742662968243056593,"[geometry_msgs.msg.TransformStamped(header=std_msgs.msg.Header(stamp=builtin_interfaces.msg.Time(sec=1742662968, nanosec=211111780), frame_id='odom'), child_frame_id='base_link', transform=geometry_msgs.msg.Transform(translation=geometry_msgs.msg.Vector3(x=0.0, y=0.0, z=0.0), rotation=geometry_msgs.msg.Quaternion(x=0.0, y=0.0, z=0.0, w=1.0)))]"
1742662968276313345,"[geometry_msgs.msg.TransformStamped(header=std_msgs.msg.Header(stamp=builtin_interfaces.msg.Time(sec=1742662968, nanosec=260490172), frame_id='odom'), child_frame_id='base_link', transform=geometry_msgs.msg.Transform(translation=geometry_msgs.msg.Vector3(x=0.0, y=0.0, z=0.0), rotation=geometry_msgs.msg.Quaternion(x=0.0, y=0.0, z=0.0, w=1.0)))]"
1742662968343112908,"[geometry_msgs.msg.TransformStamped(header=std_msgs.msg.Header(stamp=builtin_interfaces.msg.Time(sec=1742662968, nanosec=310528810), frame_id='odom'), child_frame_id='base_link', transform=geometry_msgs.msg.Transform(translation=geometry_msgs.msg.Vector3(x=0.0, y=0.0, z=0.0), rotation=geometry_msgs.msg.Quaternion(x=0.0, y=0.0, z=0.0, w=1.0)))]"
1742662968376414401,"[geometry_msgs.msg.TransformStamped(header=std_msgs.msg.Header(stamp=builtin_interfaces.msg.Time(sec=1742662968, nanosec=360490504), frame_id='odom'), child_frame_id='base_link', transform=geometry_msgs.msg.Transform(translation=geometry_msgs.msg.Vector3(x=0.0, y=0.0, z=0.0), rotation=geometry_msgs.msg.Quaternion(x=0.0, y=0.0, z=0.0, w=1.0)))]"
1742662968443118555,"[geometry_msgs.msg.TransformStamped(header=std_msgs.msg.Header(stamp=builtin_interfaces.msg.Time(sec=1742662968, nanosec=410453883), frame_id='odom'), child_frame_id='base_link', transform=geometry_msgs.msg.Transform(translation=geometry_msgs.msg.Vector3(x=0.0, y=0.0, z=0.0), rotation=geometry_msgs.msg.Quaternion(x=0.0, y=0.0, z=0.0, w=1.0)))]"
1742662968476350844,"[geometry_msgs.msg.TransformStamped(header=std_msgs.msg.Header(stamp=builtin_interfaces.msg.Time(sec=1742662968, nanosec=461060786), frame_id='odom'), child_frame_id='base_link', transform=geometry_msgs.msg.Transform(translation=geometry_msgs.msg.Vector3(x=0.0, y=0.0, z=0.0), rotation=geometry_msgs.msg.Quaternion(x=0.0, y=0.0, z=0.0, w=1.0)))]"
1742662968543226647,"[geometry_msgs.msg.TransformStamped(header=std_msgs.msg.Header(stamp=builtin_interfaces.msg.Time(sec=1742662968, nanosec=510409029), frame_id='odom'), child_frame_id='base_link', transform=geometry_msgs.msg.Transform(translation=geometry_msgs.msg.Vector3(x=0.0, y=0.0, z=0.0), rotation=geometry_msgs.msg.Quaternion(x=0.0, y=0.0, z=0.0, w=1.0)))]"
1742662968576365620,"[geometry_msgs.msg.TransformStamped(header=std_msgs.msg.Header(stamp=builtin_interfaces.msg.Time(sec=1742662968, nanosec=560435909), frame_id='odom'), child_frame_id='base_link', transform=geometry_msgs.msg.Transform(translation=geometry_msgs.msg.Vector3(x=0.0, y=0.0, z=0.0), rotation=geometry_msgs.msg.Quaternion(x=0.0, y=0.0, z=0.0, w=1.0)))]"
1742662968643119127,"[geometry_msgs.msg.TransformStamped(header=std_msgs.msg.Header(stamp=builtin_interfaces.msg.Time(sec=1742662968, nanosec=610551789), frame_id='odom'), child_frame_id='base_link', transform=geometry_msgs.msg.Transform(translation=geometry_msgs.msg.Vector3(x=0.0, y=0.0, z=0.0), rotation=geometry_msgs.msg.Quaternion(x=0.0, y=0.0, z=0.0, w=1.0)))]"
1742662968676506010,"[geometry_msgs.msg.TransformStamped(header=std_msgs.msg.Header(stamp=builtin_interfaces.msg.Time(sec=1742662968, nanosec=660480686), frame_id='odom'), child_frame_id='base_link', transform=geometry_msgs.msg.Transform(translation=geometry_msgs.msg.Vector3(x=0.0, y=0.0, z=0.0), rotation=geometry_msgs.msg.Quaternion(x=0.0, y=0.0, z=0.0, w=1.0)))]"
1742662968743129329,"[geometry_msgs.msg.TransformStamped(header=std_msgs.msg.Header(stamp=builtin_interfaces.msg.Time(sec=1742662968, nanosec=710652955), frame_id='odom'), child_frame_id='base_link', transform=geometry_msgs.msg.Transform(translation=geometry_msgs.msg.Vector3(x=0.0, y=0.0, z=0.0), rotation=geometry_msgs.msg.Quaternion(x=0.0, y=0.0, z=0.0, w=1.0)))]"
1742662968776356229,"[geometry_msgs.msg.TransformStamped(header=std_msgs.msg.Header(stamp=builtin_interfaces.msg.Time(sec=1742662968, nanosec=760454129), frame_id='odom'), child_frame_id='base_link', transform=geometry_msgs.msg.Transform(translation=geometry_msgs.msg.Vector3(x=0.0, y=0.0, z=0.0), rotation=geometry_msgs.msg.Quaternion(x=0.0, y=0.0, z=0.0, w=1.0)))]"
1742662968842949049,"[geometry_msgs.msg.TransformStamped(header=std_msgs.msg.Header(stamp=builtin_interfaces.msg.Time(sec=1742662968, nanosec=810442619), frame_id='odom'), child_frame_id='base_link', transform=geometry_msgs.msg.Transform(translation=geometry_msgs.msg.Vector3(x=0.0, y=0.0, z=0.0), rotation=geometry_msgs.msg.Quaternion(x=0.0, y=0.0, z=0.0, w=1.0)))]"
1742662968876335228,"[geometry_msgs.msg.TransformStamped(header=std_msgs.msg.Header(stamp=builtin_interfaces.msg.Time(sec=1742662968, nanosec=860568944), frame_id='odom'), child_frame_id='base_link', transform=geometry_msgs.msg.Transform(translation=geometry_msgs.msg.Vector3(x=0.0, y=0.0, z=0.0), rotation=geometry_msgs.msg.Quaternion(x=0.0, y=0.0, z=0.0, w=1.0)))]"
1742662968943092827,"[geometry_msgs.msg.TransformStamped(header=std_msgs.msg.Header(stamp=builtin_interfaces.msg.Time(sec=1742662968, nanosec=910418803), frame_id='odom'), child_frame_id='base_link', transform=geometry_msgs.msg.Transform(translation=geometry_msgs.msg.Vector3(x=0.0, y=0.0, z=0.0), rotation=geometry_msgs.msg.Quaternion(x=0.0, y=0.0, z=0.0, w=1.0)))]"
1742662968976373135,"[geometry_msgs.msg.TransformStamped(header=std_msgs.msg.Header(stamp=builtin_interfaces.msg.Time(sec=1742662968, nanosec=960685999), frame_id='odom'), child_frame_id='base_link', transform=geometry_msgs.msg.Transform(translation=geometry_msgs.msg.Vector3(x=0.0, y=0.0, z=0.0), rotation=geometry_msgs.msg.Quaternion(x=0.0, y=0.0, z=0.0, w=1.0)))]"
1742662969043094770,"[geometry_msgs.msg.TransformStamped(header=std_msgs.msg.Header(stamp=builtin_interfaces.msg.Time(sec=1742662969, nanosec=10419154), frame_id='odom'), child_frame_id='base_link', transform=geometry_msgs.msg.Transform(translation=geometry_msgs.msg.Vector3(x=0.0, y=0.0, z=0.0), rotation=geometry_msgs.msg.Quaternion(x=0.0, y=0.0, z=0.0, w=1.0)))]"
1742662969076370985,"[geometry_msgs.msg.TransformStamped(header=std_msgs.msg.Header(stamp=builtin_interfaces.msg.Time(sec=1742662969, nanosec=60460070), frame_id='odom'), child_frame_id='base_link', transform=geometry_msgs.msg.Transform(translation=geometry_msgs.msg.Vector3(x=0.0, y=0.0, z=0.0), rotation=geometry_msgs.msg.Quaternion(x=0.0, y=0.0, z=0.0, w=1.0)))]"
1742662969109602162,"[geometry_msgs.msg.TransformStamped(header=std_msgs.msg.Header(stamp=builtin_interfaces.msg.Time(sec=1742662969, nanosec=100782279), frame_id='odom'), child_frame_id='base_link', transform=geometry_msgs.msg.Transform(translation=geometry_msgs.msg.Vector3(x=0.0, y=0.0, z=0.0), rotation=geometry_msgs.msg.Quaternion(x=0.0, y=0.0, z=0.0, w=1.0)))]"
1742662969176386409,"[geometry_msgs.msg.TransformStamped(header=std_msgs.msg.Header(stamp=builtin_interfaces.msg.Time(sec=1742662969, nanosec=150441969), frame_id='odom'), child_frame_id='base_link', transform=geometry_msgs.msg.Transform(translation=geometry_msgs.msg.Vector3(x=0.0, y=0.0, z=0.0), rotation=geometry_msgs.msg.Quaternion(x=0.0, y=0.0, z=0.0, w=1.0)))]"
1742662969209674550,"[geometry_msgs.msg.TransformStamped(header=std_msgs.msg.Header(stamp=builtin_interfaces.msg.Time(sec=1742662969, nanosec=200394125), frame_id='odom'), child_frame_id='base_link', transform=geometry_msgs.msg.Transform(translation=geometry_msgs.msg.Vector3(x=0.0, y=0.0, z=0.0), rotation=geometry_msgs.msg.Quaternion(x=0.0, y=0.0, z=0.0, w=1.0)))]"
1742662969276330351,"[geometry_msgs.msg.TransformStamped(header=std_msgs.msg.Header(stamp=builtin_interfaces.msg.Time(sec=1742662969, nanosec=250459301), frame_id='odom'), child_frame_id='base_link', transform=geometry_msgs.msg.Transform(translation=geometry_msgs.msg.Vector3(x=0.0, y=0.0, z=0.0), rotation=geometry_msgs.msg.Quaternion(x=0.0, y=0.0, z=0.0, w=1.0)))]"
1742662969309656881,"[geometry_msgs.msg.TransformStamped(header=std_msgs.msg.Header(stamp=builtin_interfaces.msg.Time(sec=1742662969, nanosec=300411883), frame_id='odom'), child_frame_id='base_link', transform=geometry_msgs.msg.Transform(translation=geometry_msgs.msg.Vector3(x=0.0, y=0.0, z=0.0), rotation=geometry_msgs.msg.Quaternion(x=0.0, y=0.0, z=0.0, w=1.0)))]"
1742662969376687130,"[geometry_msgs.msg.TransformStamped(header=std_msgs.msg.Header(stamp=builtin_interfaces.msg.Time(sec=1742662969, nanosec=350912062), frame_id='odom'), child_frame_id='base_link', transform=geometry_msgs.msg.Transform(translation=geometry_msgs.msg.Vector3(x=0.0, y=0.0, z=0.0), rotation=geometry_msgs.msg.Quaternion(x=0.0, y=0.0, z=0.0, w=1.0)))]"
1742662969409670490,"[geometry_msgs.msg.TransformStamped(header=std_msgs.msg.Header(stamp=builtin_interfaces.msg.Time(sec=1742662969, nanosec=400436973), frame_id='odom'), child_frame_id='base_link', transform=geometry_msgs.msg.Transform(translation=geometry_msgs.msg.Vector3(x=0.0, y=0.0, z=0.0), rotation=geometry_msgs.msg.Quaternion(x=0.0, y=0.0, z=0.0, w=1.0)))]"
1742662969476426718,"[geometry_msgs.msg.TransformStamped(header=std_msgs.msg.Header(stamp=builtin_interfaces.msg.Time(sec=1742662969, nanosec=450384648), frame_id='odom'), child_frame_id='base_link', transform=geometry_msgs.msg.Transform(translation=geometry_msgs.msg.Vector3(x=0.0, y=0.0, z=0.0), rotation=geometry_msgs.msg.Quaternion(x=0.0, y=0.0, z=0.0, w=1.0)))]"
1742662969509715414,"[geometry_msgs.msg.TransformStamped(header=std_msgs.msg.Header(stamp=builtin_interfaces.msg.Time(sec=1742662969, nanosec=500481268), frame_id='odom'), child_frame_id='base_link', transform=geometry_msgs.msg.Transform(translation=geometry_msgs.msg.Vector3(x=0.0, y=0.0, z=0.0), rotation=geometry_msgs.msg.Quaternion(x=0.0, y=0.0, z=0.0, w=1.0)))]"
1742662969576450846,"[geometry_msgs.msg.TransformStamped(header=std_msgs.msg.Header(stamp=builtin_interfaces.msg.Time(sec=1742662969, nanosec=550477647), frame_id='odom'), child_frame_id='base_link', transform=geometry_msgs.msg.Transform(translation=geometry_msgs.msg.Vector3(x=0.0, y=0.0, z=0.0), rotation=geometry_msgs.msg.Quaternion(x=0.0, y=0.0, z=0.0, w=1.0)))]"
1742662969609636337,"[geometry_msgs.msg.TransformStamped(header=std_msgs.msg.Header(stamp=builtin_interfaces.msg.Time(sec=1742662969, nanosec=600866011), frame_id='odom'), child_frame_id='base_link', transform=geometry_msgs.msg.Transform(translation=geometry_msgs.msg.Vector3(x=0.0, y=0.0, z=0.0), rotation=geometry_msgs.msg.Quaternion(x=0.0, y=0.0, z=0.0, w=1.0)))]"
1742662969676399047,"[geometry_msgs.msg.TransformStamped(header=std_msgs.msg.Header(stamp=builtin_interfaces.msg.Time(sec=1742662969, nanosec=650449737), frame_id='odom'), child_frame_id='base_link', transform=geometry_msgs.msg.Transform(translation=geometry_msgs.msg.Vector3(x=0.0, y=0.0, z=0.0), rotation=geometry_msgs.msg.Quaternion(x=0.0, y=0.0, z=0.0, w=1.0)))]"
1742662969709756910,"[geometry_msgs.msg.TransformStamped(header=std_msgs.msg.Header(stamp=builtin_interfaces.msg.Time(sec=1742662969, nanosec=700431152), frame_id='odom'), child_frame_id='base_link', transform=geometry_msgs.msg.Transform(translation=geometry_msgs.msg.Vector3(x=0.0, y=0.0, z=0.0), rotation=geometry_msgs.msg.Quaternion(x=0.0, y=0.0, z=0.0, w=1.0)))]"
1742662969776338822,"[geometry_msgs.msg.TransformStamped(header=std_msgs.msg.Header(stamp=builtin_interfaces.msg.Time(sec=1742662969, nanosec=750497143), frame_id='odom'), child_frame_id='base_link', transform=geometry_msgs.msg.Transform(translation=geometry_msgs.msg.Vector3(x=0.0, y=0.0, z=0.0), rotation=geometry_msgs.msg.Quaternion(x=0.0, y=0.0, z=0.0, w=1.0)))]"
1742662969809659778,"[geometry_msgs.msg.TransformStamped(header=std_msgs.msg.Header(stamp=builtin_interfaces.msg.Time(sec=1742662969, nanosec=800418150), frame_id='odom'), child_frame_id='base_link', transform=geometry_msgs.msg.Transform(translation=geometry_msgs.msg.Vector3(x=0.0, y=0.0, z=0.0), rotation=geometry_msgs.msg.Quaternion(x=0.0, y=0.0, z=0.0, w=1.0)))]"
1742662969876324764,"[geometry_msgs.msg.TransformStamped(header=std_msgs.msg.Header(stamp=builtin_interfaces.msg.Time(sec=1742662969, nanosec=850769236), frame_id='odom'), child_frame_id='base_link', transform=geometry_msgs.msg.Transform(translation=geometry_msgs.msg.Vector3(x=0.0, y=0.0, z=0.0), rotation=geometry_msgs.msg.Quaternion(x=0.0, y=0.0, z=0.0, w=1.0)))]"
1742662969909606979,"[geometry_msgs.msg.TransformStamped(header=std_msgs.msg.Header(stamp=builtin_interfaces.msg.Time(sec=1742662969, nanosec=900436482), frame_id='odom'), child_frame_id='base_link', transform=geometry_msgs.msg.Transform(translation=geometry_msgs.msg.Vector3(x=0.0, y=0.0, z=0.0), rotation=geometry_msgs.msg.Quaternion(x=0.0, y=0.0, z=0.0, w=1.0)))]"
1742662969976346892,"[geometry_msgs.msg.TransformStamped(header=std_msgs.msg.Header(stamp=builtin_interfaces.msg.Time(sec=1742662969, nanosec=950488472), frame_id='odom'), child_frame_id='base_link', transform=geometry_msgs.msg.Transform(translation=geometry_msgs.msg.Vector3(x=0.0, y=0.0, z=0.0), rotation=geometry_msgs.msg.Quaternion(x=0.0, y=0.0, z=0.0, w=1.0)))]"
1742662970009675737,"[geometry_msgs.msg.TransformStamped(header=std_msgs.msg.Header(stamp=builtin_interfaces.msg.Time(sec=1742662970, nanosec=529166), frame_id='odom'), child_frame_id='base_link', transform=geometry_msgs.msg.Transform(translation=geometry_msgs.msg.Vector3(x=0.0, y=0.0, z=0.0), rotation=geometry_msgs.msg.Quaternion(x=0.0, y=0.0, z=0.0, w=1.0)))]"
1742662970042987137,"[geometry_msgs.msg.TransformStamped(header=std_msgs.msg.Header(stamp=builtin_interfaces.msg.Time(sec=1742662970, nanosec=40484946), frame_id='odom'), child_frame_id='base_link', transform=geometry_msgs.msg.Transform(translation=geometry_msgs.msg.Vector3(x=0.0, y=0.0, z=0.0), rotation=geometry_msgs.msg.Quaternion(x=0.0, y=0.0, z=0.0, w=1.0)))]"
1742662970109660308,"[geometry_msgs.msg.TransformStamped(header=std_msgs.msg.Header(stamp=builtin_interfaces.msg.Time(sec=1742662970, nanosec=90533343), frame_id='odom'), child_frame_id='base_link', transform=geometry_msgs.msg.Transform(translation=geometry_msgs.msg.Vector3(x=0.0, y=0.0, z=0.0), rotation=geometry_msgs.msg.Quaternion(x=0.0, y=0.0, z=0.0, w=1.0)))]"
1742662970143004578,"[geometry_msgs.msg.TransformStamped(header=std_msgs.msg.Header(stamp=builtin_interfaces.msg.Time(sec=1742662970, nanosec=140499480), frame_id='odom'), child_frame_id='base_link', transform=geometry_msgs.msg.Transform(translation=geometry_msgs.msg.Vector3(x=0.0, y=0.0, z=0.0), rotation=geometry_msgs.msg.Quaternion(x=0.0, y=0.0, z=0.0, w=1.0)))]"
1742662970209736935,"[geometry_msgs.msg.TransformStamped(header=std_msgs.msg.Header(stamp=builtin_interfaces.msg.Time(sec=1742662970, nanosec=190557081), frame_id='odom'), child_frame_id='base_link', transform=geometry_msgs.msg.Transform(translation=geometry_msgs.msg.Vector3(x=0.0, y=0.0, z=0.0), rotation=geometry_msgs.msg.Quaternion(x=0.0, y=0.0, z=0.0, w=1.0)))]"
1742662970243049391,"[geometry_msgs.msg.TransformStamped(header=std_msgs.msg.Header(stamp=builtin_interfaces.msg.Time(sec=1742662970, nanosec=240437254), frame_id='odom'), child_frame_id='base_link', transform=geometry_msgs.msg.Transform(translation=geometry_msgs.msg.Vector3(x=0.0, y=0.0, z=0.0), rotation=geometry_msgs.msg.Quaternion(x=0.0, y=0.0, z=0.0, w=1.0)))]"
1742662970309632264,"[geometry_msgs.msg.TransformStamped(header=std_msgs.msg.Header(stamp=builtin_interfaces.msg.Time(sec=1742662970, nanosec=290541818), frame_id='odom'), child_frame_id='base_link', transform=geometry_msgs.msg.Transform(translation=geometry_msgs.msg.Vector3(x=0.0, y=0.0, z=0.0), rotation=geometry_msgs.msg.Quaternion(x=0.0, y=0.0, z=0.0, w=1.0)))]"
1742662970343003072,"[geometry_msgs.msg.TransformStamped(header=std_msgs.msg.Header(stamp=builtin_interfaces.msg.Time(sec=1742662970, nanosec=340416140), frame_id='odom'), child_frame_id='base_link', transform=geometry_msgs.msg.Transform(translation=geometry_msgs.msg.Vector3(x=0.0, y=0.0, z=0.0), rotation=geometry_msgs.msg.Quaternion(x=0.0, y=0.0, z=0.0, w=1.0)))]"
1742662970409707151,"[geometry_msgs.msg.TransformStamped(header=std_msgs.msg.Header(stamp=builtin_interfaces.msg.Time(sec=1742662970, nanosec=390549500), frame_id='odom'), child_frame_id='base_link', transform=geometry_msgs.msg.Transform(translation=geometry_msgs.msg.Vector3(x=0.0, y=0.0, z=0.0), rotation=geometry_msgs.msg.Quaternion(x=0.0, y=0.0, z=0.0, w=1.0)))]"
1742662970443017069,"[geometry_msgs.msg.TransformStamped(header=std_msgs.msg.Header(stamp=builtin_interfaces.msg.Time(sec=1742662970, nanosec=440438507), frame_id='odom'), child_frame_id='base_link', transform=geometry_msgs.msg.Transform(translation=geometry_msgs.msg.Vector3(x=0.0, y=0.0, z=0.0), rotation=geometry_msgs.msg.Quaternion(x=0.0, y=0.0, z=0.0, w=1.0)))]"
1742662970509781834,"[geometry_msgs.msg.TransformStamped(header=std_msgs.msg.Header(stamp=builtin_interfaces.msg.Time(sec=1742662970, nanosec=491087540), frame_id='odom'), child_frame_id='base_link', transform=geometry_msgs.msg.Transform(translation=geometry_msgs.msg.Vector3(x=0.0, y=0.0, z=0.0), rotation=geometry_msgs.msg.Quaternion(x=0.0, y=0.0, z=0.0, w=1.0)))]"
1742662970542994714,"[geometry_msgs.msg.TransformStamped(header=std_msgs.msg.Header(stamp=builtin_interfaces.msg.Time(sec=1742662970, nanosec=540471504), frame_id='odom'), child_frame_id='base_link', transform=geometry_msgs.msg.Transform(translation=geometry_msgs.msg.Vector3(x=0.0, y=0.0, z=0.0), rotation=geometry_msgs.msg.Quaternion(x=0.0, y=0.0, z=0.0, w=1.0)))]"
1742662970609726867,"[geometry_msgs.msg.TransformStamped(header=std_msgs.msg.Header(stamp=builtin_interfaces.msg.Time(sec=1742662970, nanosec=590439512), frame_id='odom'), child_frame_id='base_link', transform=geometry_msgs.msg.Transform(translation=geometry_msgs.msg.Vector3(x=0.0, y=0.0, z=0.0), rotation=geometry_msgs.msg.Quaternion(x=0.0, y=0.0, z=0.0, w=1.0)))]"
1742662970643045934,"[geometry_msgs.msg.TransformStamped(header=std_msgs.msg.Header(stamp=builtin_interfaces.msg.Time(sec=1742662970, nanosec=640537928), frame_id='odom'), child_frame_id='base_link', transform=geometry_msgs.msg.Transform(translation=geometry_msgs.msg.Vector3(x=0.0, y=0.0, z=0.0), rotation=geometry_msgs.msg.Quaternion(x=0.0, y=0.0, z=0.0, w=1.0)))]"
1742662970709757439,"[geometry_msgs.msg.TransformStamped(header=std_msgs.msg.Header(stamp=builtin_interfaces.msg.Time(sec=1742662970, nanosec=690496824), frame_id='odom'), child_frame_id='base_link', transform=geometry_msgs.msg.Transform(translation=geometry_msgs.msg.Vector3(x=0.0, y=0.0, z=0.0), rotation=geometry_msgs.msg.Quaternion(x=0.0, y=0.0, z=0.0, w=1.0)))]"
1742662970743072672,"[geometry_msgs.msg.TransformStamped(header=std_msgs.msg.Header(stamp=builtin_interfaces.msg.Time(sec=1742662970, nanosec=740427794), frame_id='odom'), child_frame_id='base_link', transform=geometry_msgs.msg.Transform(translation=geometry_msgs.msg.Vector3(x=0.0, y=0.0, z=0.0), rotation=geometry_msgs.msg.Quaternion(x=0.0, y=0.0, z=0.0, w=1.0)))]"
1742662970809602267,"[geometry_msgs.msg.TransformStamped(header=std_msgs.msg.Header(stamp=builtin_interfaces.msg.Time(sec=1742662970, nanosec=790497617), frame_id='odom'), child_frame_id='base_link', transform=geometry_msgs.msg.Transform(translation=geometry_msgs.msg.Vector3(x=0.0, y=0.0, z=0.0), rotation=geometry_msgs.msg.Quaternion(x=0.0, y=0.0, z=0.0, w=1.0)))]"
1742662970842993798,"[geometry_msgs.msg.TransformStamped(header=std_msgs.msg.Header(stamp=builtin_interfaces.msg.Time(sec=1742662970, nanosec=840425884), frame_id='odom'), child_frame_id='base_link', transform=geometry_msgs.msg.Transform(translation=geometry_msgs.msg.Vector3(x=0.0, y=0.0, z=0.0), rotation=geometry_msgs.msg.Quaternion(x=0.0, y=0.0, z=0.0, w=1.0)))]"
1742662970909678895,"[geometry_msgs.msg.TransformStamped(header=std_msgs.msg.Header(stamp=builtin_interfaces.msg.Time(sec=1742662970, nanosec=890490929), frame_id='odom'), child_frame_id='base_link', transform=geometry_msgs.msg.Transform(translation=geometry_msgs.msg.Vector3(x=0.0, y=0.0, z=0.0), rotation=geometry_msgs.msg.Quaternion(x=0.0, y=0.0, z=0.0, w=1.0)))]"
1742662970942984184,"[geometry_msgs.msg.TransformStamped(header=std_msgs.msg.Header(stamp=builtin_interfaces.msg.Time(sec=1742662970, nanosec=940481178), frame_id='odom'), child_frame_id='base_link', transform=geometry_msgs.msg.Transform(translation=geometry_msgs.msg.Vector3(x=0.0, y=0.0, z=0.0), rotation=geometry_msgs.msg.Quaternion(x=0.0, y=0.0, z=0.0, w=1.0)))]"
1742662971009756707,"[geometry_msgs.msg.TransformStamped(header=std_msgs.msg.Header(stamp=builtin_interfaces.msg.Time(sec=1742662970, nanosec=980480810), frame_id='odom'), child_frame_id='base_link', transform=geometry_msgs.msg.Transform(translation=geometry_msgs.msg.Vector3(x=0.0, y=0.0, z=0.0), rotation=geometry_msgs.msg.Quaternion(x=0.0, y=0.0, z=0.0, w=1.0)))]"
1742662971043176034,"[geometry_msgs.msg.TransformStamped(header=std_msgs.msg.Header(stamp=builtin_interfaces.msg.Time(sec=1742662971, nanosec=30737023), frame_id='odom'), child_frame_id='base_link', transform=geometry_msgs.msg.Transform(translation=geometry_msgs.msg.Vector3(x=0.0, y=0.0, z=0.0), rotation=geometry_msgs.msg.Quaternion(x=0.0, y=0.0, z=0.0, w=1.0)))]"
